"market","confidence","n","gjr_r_z2","gjr_r_zone","gjr_u_z2","gjr_u_zone","z2_green_cutoff","z2_red_cutoff","zone_comparison"
"DAX",0.95,1523,-0.251936774194698,"yellow",-0.41328648852446,"yellow",-0.190350289843537,-0.448057686771826,"same_zone"
"DAX",0.975,1523,-0.246845916049079,"green",-0.324687339635985,"yellow",-0.273213092055528,-0.650397720967242,"gjr_r_better_zone"
"DAX",0.99,1523,-0.45246862632781,"yellow",-0.7360784586362,"yellow",-0.440679915077331,-1.0936917843357,"same_zone"
"FTSE",0.95,1513,-0.215425402023189,"yellow",-0.428645973757887,"yellow",-0.19088531926001,-0.448539768571869,"same_zone"
"FTSE",0.975,1513,-0.33416468829782,"yellow",-0.684750339250436,"red",-0.274183424253457,-0.655449926840445,"gjr_r_better_zone"
"FTSE",0.99,1513,-0.473637743207146,"yellow",-0.976989303451221,"yellow",-0.441797179658782,-1.091123043342,"same_zone"
"NIKKEI",0.95,1464,-0.137356219647348,"green",-0.301490127443146,"yellow",-0.194471130237703,-0.455377091797569,"gjr_r_better_zone"
"NIKKEI",0.975,1464,-0.152874425538919,"green",-0.303361660474866,"yellow",-0.278572605630062,-0.664737959759087,"gjr_r_better_zone"
"NIKKEI",0.99,1464,0.0237775046804491,"green",-0.166544177213741,"green",-0.44932846277879,-1.11347663890359,"same_zone"
"SHCOMP",0.95,1414,-0.2175527260665,"yellow",-0.261916400806061,"yellow",-0.197780348004327,-0.466346737804724,"same_zone"
"SHCOMP",0.975,1414,-0.20851772107214,"green",-0.313078544526384,"yellow",-0.283968896542635,-0.681523352685403,"gjr_r_better_zone"
"SHCOMP",0.99,1414,-0.332235905135918,"green",-0.443035405816936,"green",-0.457999589118469,-1.12590465495407,"same_zone"
"SP500",0.95,1509,-0.479400102629067,"red",-0.585663108369014,"red",-0.191082881524421,-0.450093541409653,"same_zone"
"SP500",0.975,1509,-0.491702009811755,"yellow",-0.675576737065382,"red",-0.274864272074481,-0.656610068651787,"gjr_r_better_zone"
"SP500",0.99,1509,-0.667050367879847,"yellow",-0.833804116526754,"yellow",-0.442338783604357,-1.08344923249113,"same_zone"
