"period","market","confidence","n","mean_difference","hac_se","p_value"
"main_oos","DAX",0.95,1523,-0.00196188355698829,0.00519248657065993,0.705555976653782
"main_oos","DAX",0.975,1523,0.000450567864804066,0.00824403286388266,0.956414262899857
"main_oos","DAX",0.99,1523,-0.00923673772740108,0.016133065403743,0.566959869812234
"main_oos","FTSE",0.95,1513,-0.00979033061479777,0.00967360296394549,0.311506203166701
"main_oos","FTSE",0.975,1513,-0.0192459698448734,0.0150125542289821,0.199845559534199
"main_oos","FTSE",0.99,1513,-0.0263543486340519,0.0276891127493855,0.34120114947587
"main_oos","NIKKEI",0.95,1464,0.00915744917712204,0.00543031325057164,0.091726972782409
"main_oos","NIKKEI",0.975,1464,0.0137459483386019,0.00817978139211585,0.0928642165896392
"main_oos","NIKKEI",0.99,1464,0.015511763564663,0.0147493847321199,0.292942325228987
"main_oos","SHCOMP",0.95,1414,-0.00516915874039125,0.00402460487659839,0.199005835768289
"main_oos","SHCOMP",0.975,1414,-0.00874081478228597,0.0069629348293442,0.209357227343488
"main_oos","SHCOMP",0.99,1414,-0.0133268278623105,0.0120674113739792,0.269434797435131
"main_oos","SP500",0.95,1509,-0.0182974640708165,0.00752322243522142,0.0150102687107524
"main_oos","SP500",0.975,1509,-0.0281415451670736,0.0117831469181255,0.0169270837402175
"main_oos","SP500",0.99,1509,-0.043711338294962,0.0244138175070423,0.0733841069691454
"holdout","DAX",0.95,507,0.0107037487009483,,
"holdout","DAX",0.975,507,0.00145459365714706,,
"holdout","DAX",0.99,507,-0.0133004390045725,,
"holdout","FTSE",0.95,507,0.00577880012613837,,
"holdout","FTSE",0.975,507,0.0168041062747488,,
"holdout","FTSE",0.99,507,0.0249182891126019,,
"holdout","NIKKEI",0.95,425,-0.0328663151993135,,
"holdout","NIKKEI",0.975,425,-0.0900563304661624,,
"holdout","NIKKEI",0.99,425,-0.224523681807339,,
"holdout","SHCOMP",0.95,443,0.00867259368942201,,
"holdout","SHCOMP",0.975,443,-0.00251811971114042,,
"holdout","SHCOMP",0.99,443,-0.00970025272411199,,
"holdout","SP500",0.95,502,-0.00764378428813687,,
"holdout","SP500",0.975,502,-0.0185174901053909,,
"holdout","SP500",0.99,502,-0.0363137361479733,,
