"market","confidence","n","hac_lag","mean_fz0_gjr_r","mean_fz0_gjr_u","mean_difference_gjr_r_minus_gjr_u","hac_se","hac_statistic","hac_p_value","fraction_days_gjr_r_lower_fz0","lower_mean_model","two_sided_hac_evidence_at_5pct"
"DAX",0.95,1523,7,1.00881478695751,1.0107766705145,-0.00196188355698829,0.00519248657065993,-0.377831224075548,0.705555976653782,0.176625082074852,"GJR_R",FALSE
"DAX",0.975,1523,7,1.2216735963102,1.2212230284454,0.000450567864804066,0.00824403286388266,0.0546538171600475,0.956414262899857,0.118187787261983,"GJR_U",FALSE
"DAX",0.99,1523,7,1.44420156772176,1.45343830544916,-0.00923673772740108,0.016133065403743,-0.57253457394762,0.566959869812234,0.0748522652659225,"GJR_R",FALSE
"FTSE",0.95,1513,7,0.822053924869529,0.831844255484327,-0.00979033061479777,0.00967360296394549,-1.0120666158501,0.311506203166701,0.172504957038995,"GJR_R",FALSE
"FTSE",0.975,1513,7,1.03346333099663,1.0527093008415,-0.0192459698448734,0.0150125542289821,-1.28199169517194,0.199845559534199,0.113681427627231,"GJR_R",FALSE
"FTSE",0.99,1513,7,1.29279891992029,1.31915326855435,-0.0263543486340519,0.0276891127493855,-0.951794623128063,0.34120114947587,0.0568407138136153,"GJR_R",FALSE
"NIKKEI",0.95,1464,7,0.992098989716614,0.982941540539492,0.00915744917712204,0.00543031325057164,1.68635744469401,0.091726972782409,0.192622950819672,"GJR_U",FALSE
"NIKKEI",0.975,1464,7,1.16020549789902,1.14645954956042,0.0137459483386019,0.00817978139211585,1.68047869248083,0.0928642165896392,0.122267759562842,"GJR_U",FALSE
"NIKKEI",0.99,1464,7,1.34504763436363,1.32953587079897,0.015511763564663,0.0147493847321199,1.05168885661263,0.292942325228987,0.0594262295081967,"GJR_U",FALSE
"SHCOMP",0.95,1414,7,0.951918381261511,0.957087540001902,-0.00516915874039125,0.00402460487659839,-1.28438912610975,0.199005835768289,0.152758132956153,"GJR_R",FALSE
"SHCOMP",0.975,1414,7,1.17595404929542,1.18469486407771,-0.00874081478228597,0.0069629348293442,-1.25533485470081,0.209357227343488,0.123055162659123,"GJR_R",FALSE
"SHCOMP",0.99,1414,7,1.4435442390285,1.45687106689081,-0.0133268278623105,0.0120674113739792,-1.10436509117829,0.269434797435131,0.0983026874115983,"GJR_R",FALSE
"SP500",0.95,1509,7,0.933494893847421,0.951792357918237,-0.0182974640708165,0.00752322243522142,-2.43213120818459,0.0150102687107524,0.138502319416832,"GJR_R",TRUE
"SP500",0.975,1509,7,1.1442812677629,1.17242281292997,-0.0281415451670736,0.0117831469181255,-2.38828772675189,0.0169270837402175,0.0894632206759443,"GJR_R",TRUE
"SP500",0.99,1509,7,1.45486597551737,1.49857731381233,-0.043711338294962,0.0244138175070423,-1.79043438341231,0.0733841069691454,0.0424121935056329,"GJR_R",FALSE
