"model","included","Rank_M","v_M","MCS_M","Rank_R","v_R","MCS_R","Loss","market","tail_confidence","mcs_confidence","bootstrap_scheme","bootstrap_replications","block_length","block_selection_rule","mcs_p_value","seed"
"GJR_R",TRUE,4,-0.153861447633971,1,5,1.43437128417798,0.6618,1.00881478695751,"DAX",0.95,0.95,"moving_block",5000,31,"automatic AR-significance selection with minimum block length 5",0.0994,155575571
"GJR_U",TRUE,5,-0.00374121469709977,1,6,1.6472488314812,0.502,1.01077667051449,"DAX",0.95,0.95,"moving_block",5000,31,"automatic AR-significance selection with minimum block length 5",0.0994,155575571
"APARCH",TRUE,2,-2.09353796002366,1,2,0.595794058869619,0.9914,0.994209467591272,"DAX",0.95,0.95,"moving_block",5000,31,"automatic AR-significance selection with minimum block length 5",0.0994,155575571
"ARSV",TRUE,7,2.11333951696562,0.0994,7,2.52382960196017,0.087,1.06393588491477,"DAX",0.95,0.95,"moving_block",5000,31,"automatic AR-significance selection with minimum block length 5",0.0994,155575571
"AARSV",TRUE,3,-1.79735387454773,1,3,1.04942952578005,0.9914,0.996050402488653,"DAX",0.95,0.95,"moving_block",5000,31,"automatic AR-significance selection with minimum block length 5",0.0994,155575571
"TSV_RT",TRUE,6,0.158608462593324,1,4,1.2796237027208,0.7684,1.01313522356041,"DAX",0.95,0.95,"moving_block",5000,31,"automatic AR-significance selection with minimum block length 5",0.0994,155575571
"STAR_SV",TRUE,1,-2.78775632190687,1,1,-0.595794058869619,1,0.988812509121747,"DAX",0.95,0.95,"moving_block",5000,31,"automatic AR-significance selection with minimum block length 5",0.0994,155575571
"GARCH",FALSE,,,,,,,,"DAX",0.95,0.95,"moving_block",5000,31,"automatic AR-significance selection with minimum block length 5",0.0994,155575571
"GJR_R",TRUE,5,0.659991641206283,0.859,5,1.4401033202999,0.6076,1.00881478695751,"DAX",0.95,0.8,"moving_block",5000,31,"automatic AR-significance selection with minimum block length 5",0.7006,79161838
"GJR_U",TRUE,6,0.904233653435441,0.7006,6,1.64423256845661,0.469,1.01077667051449,"DAX",0.95,0.8,"moving_block",5000,31,"automatic AR-significance selection with minimum block length 5",0.7006,79161838
"APARCH",TRUE,2,-1.59589117407305,1,2,0.584331521314892,0.9858,0.994209467591272,"DAX",0.95,0.8,"moving_block",5000,31,"automatic AR-significance selection with minimum block length 5",0.7006,79161838
"AARSV",TRUE,3,-0.866172508187405,1,3,1.02891994979233,0.8572,0.996050402488653,"DAX",0.95,0.8,"moving_block",5000,31,"automatic AR-significance selection with minimum block length 5",0.7006,79161838
"TSV_RT",TRUE,4,0.646252106376713,0.8658,4,1.27109336728879,0.715,1.01313522356041,"DAX",0.95,0.8,"moving_block",5000,31,"automatic AR-significance selection with minimum block length 5",0.7006,79161838
"STAR_SV",TRUE,1,-1.90040608231296,1,1,-0.584331521314892,1,0.988812509121747,"DAX",0.95,0.8,"moving_block",5000,31,"automatic AR-significance selection with minimum block length 5",0.7006,79161838
"GARCH",FALSE,,,,,,,,"DAX",0.95,0.8,"moving_block",5000,31,"automatic AR-significance selection with minimum block length 5",0.7006,79161838
"ARSV",FALSE,,,,,,,,"DAX",0.95,0.8,"moving_block",5000,31,"automatic AR-significance selection with minimum block length 5",0.7006,79161838
"GJR_R",TRUE,5,0.238012662080555,0.9986,5,1.59928067995696,0.563,1.2216735963102,"DAX",0.975,0.95,"moving_block",5000,26,"automatic AR-significance selection with minimum block length 5",0.2394,39937912
"GJR_U",TRUE,6,0.261101261026907,0.9974,6,1.70560038472415,0.4836,1.2212230284454,"DAX",0.975,0.95,"moving_block",5000,26,"automatic AR-significance selection with minimum block length 5",0.2394,39937912
"APARCH",TRUE,2,-1.50359819148066,1,3,0.669884573457801,0.9864,1.19974944125982,"DAX",0.975,0.95,"moving_block",5000,26,"automatic AR-significance selection with minimum block length 5",0.2394,39937912
"ARSV",TRUE,7,1.69458025423835,0.2394,7,2.39203498573077,0.1356,1.27802028880337,"DAX",0.975,0.95,"moving_block",5000,26,"automatic AR-significance selection with minimum block length 5",0.2394,39937912
"AARSV",TRUE,3,-1.08529961595711,1,4,1.48869304329617,0.9864,1.20591035997003,"DAX",0.975,0.95,"moving_block",5000,26,"automatic AR-significance selection with minimum block length 5",0.2394,39937912
"TSV_RT",TRUE,4,-0.708981963045206,1,2,0.391036103439051,0.9988,1.20191426963873,"DAX",0.975,0.95,"moving_block",5000,26,"automatic AR-significance selection with minimum block length 5",0.2394,39937912
"STAR_SV",TRUE,1,-2.53947998621582,1,1,-0.391036103439051,1,1.19115744337636,"DAX",0.975,0.95,"moving_block",5000,26,"automatic AR-significance selection with minimum block length 5",0.2394,39937912
"GARCH",FALSE,,,,,,,,"DAX",0.975,0.95,"moving_block",5000,26,"automatic AR-significance selection with minimum block length 5",0.2394,39937912
"GJR_R",TRUE,5,0.243788407829944,0.9988,5,1.63215266484659,0.533,1.2216735963102,"DAX",0.975,0.8,"moving_block",5000,26,"automatic AR-significance selection with minimum block length 5",0.2274,16598775
"GJR_U",TRUE,6,0.264396747883363,0.9978,6,1.72758976495826,0.468,1.2212230284454,"DAX",0.975,0.8,"moving_block",5000,26,"automatic AR-significance selection with minimum block length 5",0.2274,16598775
"APARCH",TRUE,2,-1.47998309816867,1,3,0.661659795659496,0.99,1.19974944125982,"DAX",0.975,0.8,"moving_block",5000,26,"automatic AR-significance selection with minimum block length 5",0.2274,16598775
"ARSV",TRUE,7,1.70247896207043,0.2274,7,2.39607212313418,0.1316,1.27802028880337,"DAX",0.975,0.8,"moving_block",5000,26,"automatic AR-significance selection with minimum block length 5",0.2274,16598775
"AARSV",TRUE,3,-1.1016677015283,1,4,1.49716162547814,0.99,1.20591035997003,"DAX",0.975,0.8,"moving_block",5000,26,"automatic AR-significance selection with minimum block length 5",0.2274,16598775
"TSV_RT",TRUE,4,-0.720406910240757,1,2,0.395711505391992,0.9996,1.20191426963873,"DAX",0.975,0.8,"moving_block",5000,26,"automatic AR-significance selection with minimum block length 5",0.2274,16598775
"STAR_SV",TRUE,1,-2.55470198192134,1,1,-0.395711505391992,1,1.19115744337636,"DAX",0.975,0.8,"moving_block",5000,26,"automatic AR-significance selection with minimum block length 5",0.2274,16598775
"GARCH",FALSE,,,,,,,,"DAX",0.975,0.8,"moving_block",5000,26,"automatic AR-significance selection with minimum block length 5",0.2274,16598775
"GARCH",TRUE,8,2.26030214414744,0.0722,7,2.79281390261857,0.0588,1.51059406065232,"DAX",0.99,0.95,"moving_block",5000,13,"automatic AR-significance selection with minimum block length 5",0.0722,138512418
"GJR_R",TRUE,5,-0.152092771357236,1,4,1.19029807436308,0.8196,1.44420156772176,"DAX",0.99,0.95,"moving_block",5000,13,"automatic AR-significance selection with minimum block length 5",0.0722,138512418
"GJR_U",TRUE,6,0.101306543410111,1,6,1.73090171685898,0.4574,1.45343830544916,"DAX",0.99,0.95,"moving_block",5000,13,"automatic AR-significance selection with minimum block length 5",0.0722,138512418
"APARCH",TRUE,3,-1.61468771032195,1,3,0.874970828786785,0.9506,1.41665248368524,"DAX",0.99,0.95,"moving_block",5000,13,"automatic AR-significance selection with minimum block length 5",0.0722,138512418
"ARSV",TRUE,7,1.7186445358181,0.2234,8,3.12969096709579,0.0254,1.54257708730877,"DAX",0.99,0.95,"moving_block",5000,13,"automatic AR-significance selection with minimum block length 5",0.0722,138512418
"AARSV",TRUE,2,-2.29603845083871,1,5,1.33706637455553,0.8196,1.42004101914782,"DAX",0.99,0.95,"moving_block",5000,13,"automatic AR-significance selection with minimum block length 5",0.0722,138512418
"TSV_RT",TRUE,4,-1.08296279620791,1,2,0.300883814563067,1,1.41278188300374,"DAX",0.99,0.95,"moving_block",5000,13,"automatic AR-significance selection with minimum block length 5",0.0722,138512418
"STAR_SV",TRUE,1,-3.23405845809237,1,1,-0.300883814563067,1,1.40045990123257,"DAX",0.99,0.95,"moving_block",5000,13,"automatic AR-significance selection with minimum block length 5",0.0722,138512418
"GJR_R",TRUE,5,0.686968720377601,0.8156,4,1.18549619516776,0.7198,1.44420156772176,"DAX",0.99,0.8,"moving_block",5000,13,"automatic AR-significance selection with minimum block length 5",0.478,22872297
"GJR_U",TRUE,6,1.17497191842339,0.478,6,1.71852087377881,0.3672,1.45343830544916,"DAX",0.99,0.8,"moving_block",5000,13,"automatic AR-significance selection with minimum block length 5",0.478,22872297
"APARCH",TRUE,2,-0.774033034860803,1,3,0.886581566206047,0.8942,1.41665248368524,"DAX",0.99,0.8,"moving_block",5000,13,"automatic AR-significance selection with minimum block length 5",0.478,22872297
"AARSV",TRUE,3,-0.329076590717082,1,5,1.32292740458645,0.6228,1.42004101914782,"DAX",0.99,0.8,"moving_block",5000,13,"automatic AR-significance selection with minimum block length 5",0.478,22872297
"TSV_RT",TRUE,4,-0.277084812923004,1,2,0.302253269886853,0.9994,1.41278188300374,"DAX",0.99,0.8,"moving_block",5000,13,"automatic AR-significance selection with minimum block length 5",0.478,22872297
"STAR_SV",TRUE,1,-1.85196307376041,1,1,-0.302253269886853,1,1.40045990123257,"DAX",0.99,0.8,"moving_block",5000,13,"automatic AR-significance selection with minimum block length 5",0.478,22872297
"GARCH",FALSE,,,,,,,,"DAX",0.99,0.8,"moving_block",5000,13,"automatic AR-significance selection with minimum block length 5",0.478,22872297
"ARSV",FALSE,,,,,,,,"DAX",0.99,0.8,"moving_block",5000,13,"automatic AR-significance selection with minimum block length 5",0.478,22872297
"GARCH",TRUE,7,1.67797312584272,0.2472,7,1.83981543523831,0.3954,0.86277381586047,"FTSE",0.95,0.95,"moving_block",5000,31,"automatic AR-significance selection with minimum block length 5",0.229,122452021
"GJR_R",TRUE,3,-0.75472561362788,1,2,0.20296656917178,1,0.82205392486953,"FTSE",0.95,0.95,"moving_block",5000,31,"automatic AR-significance selection with minimum block length 5",0.229,122452021
"GJR_U",TRUE,5,-0.367820424518428,1,6,1.28634333055304,0.7804,0.831844255484326,"FTSE",0.95,0.95,"moving_block",5000,31,"automatic AR-significance selection with minimum block length 5",0.229,122452021
"APARCH",TRUE,1,-1.5950547907639,1,1,-0.20296656917178,1,0.818797543088567,"FTSE",0.95,0.95,"moving_block",5000,31,"automatic AR-significance selection with minimum block length 5",0.229,122452021
"ARSV",TRUE,8,1.71797543221457,0.229,8,2.98790662600008,0.0374,0.875800579849619,"FTSE",0.95,0.95,"moving_block",5000,31,"automatic AR-significance selection with minimum block length 5",0.229,122452021
"AARSV",TRUE,6,-0.30193548334259,1,5,1.22967038807145,0.9968,0.834397935131553,"FTSE",0.95,0.95,"moving_block",5000,31,"automatic AR-significance selection with minimum block length 5",0.229,122452021
"TSV_RT",TRUE,2,-0.766160456693223,1,3,0.232441468335656,1,0.824791601960414,"FTSE",0.95,0.95,"moving_block",5000,31,"automatic AR-significance selection with minimum block length 5",0.229,122452021
"STAR_SV",TRUE,4,-0.63576455218035,1,4,0.534749129971242,0.9968,0.827886263635747,"FTSE",0.95,0.95,"moving_block",5000,31,"automatic AR-significance selection with minimum block length 5",0.229,122452021
"GARCH",TRUE,7,1.68687182576911,0.2484,7,1.84873980998866,0.3826,0.86277381586047,"FTSE",0.95,0.8,"moving_block",5000,31,"automatic AR-significance selection with minimum block length 5",0.2202,225619390
"GJR_R",TRUE,3,-0.7696547927233,1,2,0.20295827060182,1,0.82205392486953,"FTSE",0.95,0.8,"moving_block",5000,31,"automatic AR-significance selection with minimum block length 5",0.2202,225619390
"GJR_U",TRUE,5,-0.378148551314488,1,6,1.29393202571268,0.7774,0.831844255484326,"FTSE",0.95,0.8,"moving_block",5000,31,"automatic AR-significance selection with minimum block length 5",0.2202,225619390
"APARCH",TRUE,1,-1.61821118905811,1,1,-0.20295827060182,1,0.818797543088567,"FTSE",0.95,0.8,"moving_block",5000,31,"automatic AR-significance selection with minimum block length 5",0.2202,225619390
"ARSV",TRUE,8,1.76129834002888,0.2202,8,3.01432590781338,0.033,0.875800579849619,"FTSE",0.95,0.8,"moving_block",5000,31,"automatic AR-significance selection with minimum block length 5",0.2202,225619390
"AARSV",TRUE,6,-0.295828880619897,1,5,1.24280160578951,0.9974,0.834397935131553,"FTSE",0.95,0.8,"moving_block",5000,31,"automatic AR-significance selection with minimum block length 5",0.2202,225619390
"TSV_RT",TRUE,2,-0.776404058424678,1,3,0.236379642633332,1,0.824791601960414,"FTSE",0.95,0.8,"moving_block",5000,31,"automatic AR-significance selection with minimum block length 5",0.2202,225619390
"STAR_SV",TRUE,4,-0.626072928419348,1,4,0.531854053900117,0.9974,0.827886263635747,"FTSE",0.95,0.8,"moving_block",5000,31,"automatic AR-significance selection with minimum block length 5",0.2202,225619390
"GARCH",TRUE,7,1.53635911980304,0.3364,7,1.62263598530655,0.57,1.09595696946406,"FTSE",0.975,0.95,"moving_block",5000,28,"automatic AR-significance selection with minimum block length 5",0.3176,229526895
"GJR_R",TRUE,2,-1.10821834777913,1,1,-0.383694232960818,1,1.03346333099663,"FTSE",0.975,0.95,"moving_block",5000,28,"automatic AR-significance selection with minimum block length 5",0.3176,229526895
"GJR_U",TRUE,4,-0.590554896467986,1,5,1.30496500101136,0.7872,1.0527093008415,"FTSE",0.975,0.95,"moving_block",5000,28,"automatic AR-significance selection with minimum block length 5",0.3176,229526895
"APARCH",TRUE,1,-1.33060701498693,1,2,0.383694232960818,0.9998,1.04207178031454,"FTSE",0.975,0.95,"moving_block",5000,28,"automatic AR-significance selection with minimum block length 5",0.3176,229526895
"ARSV",TRUE,8,1.57397984649591,0.3176,8,2.35342075995325,0.1688,1.11606895270206,"FTSE",0.975,0.95,"moving_block",5000,28,"automatic AR-significance selection with minimum block length 5",0.3176,229526895
"AARSV",TRUE,6,0.587937881128516,0.9404,6,1.52260373507617,0.7872,1.07366023989261,"FTSE",0.975,0.95,"moving_block",5000,28,"automatic AR-significance selection with minimum block length 5",0.3176,229526895
"TSV_RT",TRUE,5,-0.375709283562701,1,3,0.442824381078913,0.9998,1.05571287448352,"FTSE",0.975,0.95,"moving_block",5000,28,"automatic AR-significance selection with minimum block length 5",0.3176,229526895
"STAR_SV",TRUE,3,-0.596639481504342,1,4,0.523134739095305,0.9988,1.05386769548696,"FTSE",0.975,0.95,"moving_block",5000,28,"automatic AR-significance selection with minimum block length 5",0.3176,229526895
"GARCH",TRUE,8,1.55091295094851,0.3182,7,1.61750285625902,0.5728,1.09595696946406,"FTSE",0.975,0.8,"moving_block",5000,28,"automatic AR-significance selection with minimum block length 5",0.3182,82219911
"GJR_R",TRUE,2,-1.0582382485121,1,1,-0.373466267303305,1,1.03346333099663,"FTSE",0.975,0.8,"moving_block",5000,28,"automatic AR-significance selection with minimum block length 5",0.3182,82219911
"GJR_U",TRUE,4,-0.568402592997372,1,5,1.30273253619776,0.7868,1.0527093008415,"FTSE",0.975,0.8,"moving_block",5000,28,"automatic AR-significance selection with minimum block length 5",0.3182,82219911
"APARCH",TRUE,1,-1.29143209063831,1,2,0.373466267303305,1,1.04207178031454,"FTSE",0.975,0.8,"moving_block",5000,28,"automatic AR-significance selection with minimum block length 5",0.3182,82219911
"ARSV",TRUE,7,1.5327263753452,0.3278,8,2.37209465217775,0.152,1.11606895270206,"FTSE",0.975,0.8,"moving_block",5000,28,"automatic AR-significance selection with minimum block length 5",0.3182,82219911
"AARSV",TRUE,6,0.582011192942744,0.9404,6,1.44181891608293,0.7868,1.07366023989261,"FTSE",0.975,0.8,"moving_block",5000,28,"automatic AR-significance selection with minimum block length 5",0.3182,82219911
"TSV_RT",TRUE,5,-0.37056819506065,1,3,0.426014224304341,0.9998,1.05571287448352,"FTSE",0.975,0.8,"moving_block",5000,28,"automatic AR-significance selection with minimum block length 5",0.3182,82219911
"STAR_SV",TRUE,3,-0.598416355427162,1,4,0.502881955492222,0.9984,1.05386769548696,"FTSE",0.975,0.8,"moving_block",5000,28,"automatic AR-significance selection with minimum block length 5",0.3182,82219911
"GARCH",TRUE,6,0.559607482778746,0.9524,6,0.92556495779053,0.9478,1.35457034814321,"FTSE",0.99,0.95,"moving_block",5000,25,"automatic AR-significance selection with minimum block length 5",0.5394,170413820
"GJR_R",TRUE,1,-0.828156810279192,1,1,-0.235016696034816,1,1.29279891992029,"FTSE",0.99,0.95,"moving_block",5000,25,"automatic AR-significance selection with minimum block length 5",0.5394,170413820
"GJR_U",TRUE,4,-0.474538841883998,1,5,0.912965811535797,0.9506,1.31915326855434,"FTSE",0.99,0.95,"moving_block",5000,25,"automatic AR-significance selection with minimum block length 5",0.5394,170413820
"APARCH",TRUE,3,-0.630060838929217,1,4,0.645793908788326,0.9904,1.31898029767654,"FTSE",0.99,0.95,"moving_block",5000,25,"automatic AR-significance selection with minimum block length 5",0.5394,170413820
"ARSV",TRUE,7,1.20911766368113,0.5508,8,1.93737973271863,0.3402,1.41128485162191,"FTSE",0.99,0.95,"moving_block",5000,25,"automatic AR-significance selection with minimum block length 5",0.5394,170413820
"AARSV",TRUE,8,1.22374994373392,0.5394,7,1.56058756547022,0.9478,1.36910894117934,"FTSE",0.99,0.95,"moving_block",5000,25,"automatic AR-significance selection with minimum block length 5",0.5394,170413820
"TSV_RT",TRUE,5,-0.464564598710832,1,2,0.235016696034816,1,1.31517191677387,"FTSE",0.99,0.95,"moving_block",5000,25,"automatic AR-significance selection with minimum block length 5",0.5394,170413820
"STAR_SV",TRUE,2,-0.648259370879852,1,3,0.448075845831478,0.9986,1.32185067026911,"FTSE",0.99,0.95,"moving_block",5000,25,"automatic AR-significance selection with minimum block length 5",0.5394,170413820
"GARCH",TRUE,6,0.567962520746165,0.9468,6,0.932062759000346,0.9434,1.35457034814321,"FTSE",0.99,0.8,"moving_block",5000,25,"automatic AR-significance selection with minimum block length 5",0.5252,102783292
"GJR_R",TRUE,1,-0.828476082134192,1,1,-0.235383766654584,1,1.29279891992029,"FTSE",0.99,0.8,"moving_block",5000,25,"automatic AR-significance selection with minimum block length 5",0.5252,102783292
"GJR_U",TRUE,4,-0.470392012293175,1,5,0.919880488716981,0.945,1.31915326855434,"FTSE",0.99,0.8,"moving_block",5000,25,"automatic AR-significance selection with minimum block length 5",0.5252,102783292
"APARCH",TRUE,2,-0.64338462666647,1,4,0.649036436995552,0.989,1.31898029767654,"FTSE",0.99,0.8,"moving_block",5000,25,"automatic AR-significance selection with minimum block length 5",0.5252,102783292
"ARSV",TRUE,7,1.22393674490703,0.5392,8,1.9678938766231,0.3204,1.41128485162191,"FTSE",0.99,0.8,"moving_block",5000,25,"automatic AR-significance selection with minimum block length 5",0.5252,102783292
"AARSV",TRUE,8,1.24110129863939,0.5252,7,1.59703707013379,0.9434,1.36910894117934,"FTSE",0.99,0.8,"moving_block",5000,25,"automatic AR-significance selection with minimum block length 5",0.5252,102783292
"TSV_RT",TRUE,5,-0.467970536193367,1,2,0.235383766654584,1,1.31517191677387,"FTSE",0.99,0.8,"moving_block",5000,25,"automatic AR-significance selection with minimum block length 5",0.5252,102783292
"STAR_SV",TRUE,3,-0.637253254827725,1,3,0.442890587064102,0.9988,1.32185067026911,"FTSE",0.99,0.8,"moving_block",5000,25,"automatic AR-significance selection with minimum block length 5",0.5252,102783292
"GJR_R",TRUE,6,1.92317808967816,0.1584,7,4.27340309494219,0.0002,0.992098989716614,"NIKKEI",0.95,0.95,"moving_block",5000,10,"automatic AR-significance selection with minimum block length 5",0.1282,127727353
"GJR_U",TRUE,4,0.679768269375944,0.8872,6,2.86394057564957,0.047,0.982941540539492,"NIKKEI",0.95,0.95,"moving_block",5000,10,"automatic AR-significance selection with minimum block length 5",0.1282,127727353
"APARCH",TRUE,3,-2.41509537373404,1,2,0.201711539181114,1,0.957770895232497,"NIKKEI",0.95,0.95,"moving_block",5000,10,"automatic AR-significance selection with minimum block length 5",0.1282,127727353
"ARSV",TRUE,7,2.01523575969177,0.1282,5,2.75906650185939,0.0608,1.01305906458499,"NIKKEI",0.95,0.95,"moving_block",5000,10,"automatic AR-significance selection with minimum block length 5",0.1282,127727353
"AARSV",TRUE,2,-3.4557794160325,1,1,-0.201711539181114,1,0.956495419341574,"NIKKEI",0.95,0.95,"moving_block",5000,10,"automatic AR-significance selection with minimum block length 5",0.1282,127727353
"TSV_RT",TRUE,5,0.698026427855594,0.88,4,2.27316473698672,0.1806,0.985236832064663,"NIKKEI",0.95,0.95,"moving_block",5000,10,"automatic AR-significance selection with minimum block length 5",0.1282,127727353
"STAR_SV",TRUE,1,-4.90241201190635,1,3,0.326002778218295,1,0.95811692683465,"NIKKEI",0.95,0.95,"moving_block",5000,10,"automatic AR-significance selection with minimum block length 5",0.1282,127727353
"GARCH",FALSE,,,,,,,,"NIKKEI",0.95,0.95,"moving_block",5000,10,"automatic AR-significance selection with minimum block length 5",0.1282,127727353
"APARCH",TRUE,2,0.0741342255670926,0.995,2,0.208224701281188,0.9754,0.957770895232497,"NIKKEI",0.95,0.8,"moving_block",5000,5,"automatic AR-significance selection with minimum block length 5",0.968,136460944
"AARSV",TRUE,1,-0.356653231918803,1,1,-0.208224701281188,1,0.956495419341574,"NIKKEI",0.95,0.8,"moving_block",5000,5,"automatic AR-significance selection with minimum block length 5",0.968,136460944
"STAR_SV",TRUE,3,0.188775489664713,0.968,3,0.351034931587241,0.9334,0.95811692683465,"NIKKEI",0.95,0.8,"moving_block",5000,5,"automatic AR-significance selection with minimum block length 5",0.968,136460944
"GARCH",FALSE,,,,,,,,"NIKKEI",0.95,0.8,"moving_block",5000,5,"automatic AR-significance selection with minimum block length 5",0.968,136460944
"GJR_R",FALSE,,,,,,,,"NIKKEI",0.95,0.8,"moving_block",5000,5,"automatic AR-significance selection with minimum block length 5",0.968,136460944
"GJR_U",FALSE,,,,,,,,"NIKKEI",0.95,0.8,"moving_block",5000,5,"automatic AR-significance selection with minimum block length 5",0.968,136460944
"ARSV",FALSE,,,,,,,,"NIKKEI",0.95,0.8,"moving_block",5000,5,"automatic AR-significance selection with minimum block length 5",0.968,136460944
"TSV_RT",FALSE,,,,,,,,"NIKKEI",0.95,0.8,"moving_block",5000,5,"automatic AR-significance selection with minimum block length 5",0.968,136460944
"GJR_R",TRUE,7,1.87779000944029,0.174,7,4.92530548093392,0,1.16020549789902,"NIKKEI",0.975,0.95,"moving_block",5000,10,"automatic AR-significance selection with minimum block length 5",0.174,67759008
"GJR_U",TRUE,4,0.26521746406067,0.9978,5,2.78059118058934,0.0534,1.14645954956042,"NIKKEI",0.975,0.95,"moving_block",5000,10,"automatic AR-significance selection with minimum block length 5",0.174,67759008
"APARCH",TRUE,3,-1.24084605266948,1,3,1.45150992246282,0.8244,1.129055196651,"NIKKEI",0.975,0.95,"moving_block",5000,10,"automatic AR-significance selection with minimum block length 5",0.174,67759008
"ARSV",TRUE,6,1.61788640734064,0.2798,4,2.47941073469361,0.1194,1.18080480321406,"NIKKEI",0.975,0.95,"moving_block",5000,10,"automatic AR-significance selection with minimum block length 5",0.174,67759008
"AARSV",TRUE,2,-3.63765772204117,1,2,0.0404798912244057,1,1.11578764266322,"NIKKEI",0.975,0.95,"moving_block",5000,10,"automatic AR-significance selection with minimum block length 5",0.174,67759008
"TSV_RT",TRUE,5,1.2150916851706,0.5462,6,2.96152010471112,0.0336,1.16008472966057,"NIKKEI",0.975,0.95,"moving_block",5000,10,"automatic AR-significance selection with minimum block length 5",0.174,67759008
"STAR_SV",TRUE,1,-5.27775304599763,1,1,-0.0404798912244057,1,1.11552086242852,"NIKKEI",0.975,0.95,"moving_block",5000,10,"automatic AR-significance selection with minimum block length 5",0.174,67759008
"GARCH",FALSE,,,,,,,,"NIKKEI",0.975,0.95,"moving_block",5000,10,"automatic AR-significance selection with minimum block length 5",0.174,67759008
"GJR_U",TRUE,4,0.498032542904876,0.9482,5,2.76089350620726,0.048,1.14645954956042,"NIKKEI",0.975,0.8,"moving_block",5000,10,"automatic AR-significance selection with minimum block length 5",0.2038,229029424
"APARCH",TRUE,3,-1.03967336849365,1,3,1.45682780750933,0.762,1.129055196651,"NIKKEI",0.975,0.8,"moving_block",5000,10,"automatic AR-significance selection with minimum block length 5",0.2038,229029424
"ARSV",TRUE,6,1.7710035401635,0.2038,4,2.50997866241377,0.089,1.18080480321406,"NIKKEI",0.975,0.8,"moving_block",5000,10,"automatic AR-significance selection with minimum block length 5",0.2038,229029424
"AARSV",TRUE,2,-3.14701411588471,1,2,0.0395752425542563,1,1.11578764266322,"NIKKEI",0.975,0.8,"moving_block",5000,10,"automatic AR-significance selection with minimum block length 5",0.2038,229029424
"TSV_RT",TRUE,5,1.53581197495366,0.3132,6,2.9930121103973,0.0236,1.16008472966057,"NIKKEI",0.975,0.8,"moving_block",5000,10,"automatic AR-significance selection with minimum block length 5",0.2038,229029424
"STAR_SV",TRUE,1,-4.45843710964663,1,1,-0.0395752425542563,1,1.11552086242852,"NIKKEI",0.975,0.8,"moving_block",5000,10,"automatic AR-significance selection with minimum block length 5",0.2038,229029424
"GARCH",FALSE,,,,,,,,"NIKKEI",0.975,0.8,"moving_block",5000,10,"automatic AR-significance selection with minimum block length 5",0.2038,229029424
"GJR_R",FALSE,,,,,,,,"NIKKEI",0.975,0.8,"moving_block",5000,10,"automatic AR-significance selection with minimum block length 5",0.2038,229029424
"GARCH",TRUE,6,0.989093027725384,0.6474,5,1.51493524366567,0.609,1.33865951229214,"NIKKEI",0.99,0.95,"moving_block",5000,11,"automatic AR-significance selection with minimum block length 5",0.5334,250076763
"GJR_U",TRUE,7,1.15333864941504,0.5334,7,2.70869875372666,0.0622,1.32953587079897,"NIKKEI",0.99,0.95,"moving_block",5000,11,"automatic AR-significance selection with minimum block length 5",0.5334,250076763
"APARCH",TRUE,3,-0.276385776678141,1,4,1.39640310207055,0.691,1.30716900551909,"NIKKEI",0.99,0.95,"moving_block",5000,11,"automatic AR-significance selection with minimum block length 5",0.5334,250076763
"ARSV",TRUE,5,0.334782921299891,0.9852,3,1.06394098268878,0.8774,1.32159812591225,"NIKKEI",0.99,0.95,"moving_block",5000,11,"automatic AR-significance selection with minimum block length 5",0.5334,250076763
"AARSV",TRUE,2,-1.86083475312921,1,2,0.636643035410943,1,1.2903059276792,"NIKKEI",0.99,0.95,"moving_block",5000,11,"automatic AR-significance selection with minimum block length 5",0.5334,250076763
"TSV_RT",TRUE,4,0.263954555936938,0.9946,6,1.59683645978497,0.5516,1.3177811952844,"NIKKEI",0.99,0.95,"moving_block",5000,11,"automatic AR-significance selection with minimum block length 5",0.5334,250076763
"STAR_SV",TRUE,1,-2.60839932657032,1,1,-0.636643035410943,1,1.28545307186386,"NIKKEI",0.99,0.95,"moving_block",5000,11,"automatic AR-significance selection with minimum block length 5",0.5334,250076763
"GJR_R",FALSE,,,,,,,,"NIKKEI",0.99,0.95,"moving_block",5000,11,"automatic AR-significance selection with minimum block length 5",0.5334,250076763
"GARCH",TRUE,6,0.998368893599649,0.6358,5,1.52553333218949,0.5978,1.33865951229214,"NIKKEI",0.99,0.8,"moving_block",5000,11,"automatic AR-significance selection with minimum block length 5",0.5388,69478116
"GJR_U",TRUE,7,1.14471616086998,0.5388,7,2.69869192719473,0.0638,1.32953587079897,"NIKKEI",0.99,0.8,"moving_block",5000,11,"automatic AR-significance selection with minimum block length 5",0.5388,69478116
"APARCH",TRUE,3,-0.279859069189778,1,4,1.40384894467083,0.6828,1.30716900551909,"NIKKEI",0.99,0.8,"moving_block",5000,11,"automatic AR-significance selection with minimum block length 5",0.5388,69478116
"ARSV",TRUE,5,0.337125555656398,0.9902,3,1.06847349208476,0.8828,1.32159812591225,"NIKKEI",0.99,0.8,"moving_block",5000,11,"automatic AR-significance selection with minimum block length 5",0.5388,69478116
"AARSV",TRUE,2,-1.88493291578781,1,2,0.644691535135825,1,1.2903059276792,"NIKKEI",0.99,0.8,"moving_block",5000,11,"automatic AR-significance selection with minimum block length 5",0.5388,69478116
"TSV_RT",TRUE,4,0.264153908538953,0.9958,6,1.61283743223596,0.5394,1.3177811952844,"NIKKEI",0.99,0.8,"moving_block",5000,11,"automatic AR-significance selection with minimum block length 5",0.5388,69478116
"STAR_SV",TRUE,1,-2.61330285400243,1,1,-0.644691535135825,1,1.28545307186386,"NIKKEI",0.99,0.8,"moving_block",5000,11,"automatic AR-significance selection with minimum block length 5",0.5388,69478116
"GJR_R",FALSE,,,,,,,,"NIKKEI",0.99,0.8,"moving_block",5000,11,"automatic AR-significance selection with minimum block length 5",0.5388,69478116
"GARCH",TRUE,4,0.10455180578947,0.9998,7,1.16779478754888,0.8328,0.957218313248316,"SHCOMP",0.95,0.95,"moving_block",5000,30,"automatic AR-significance selection with minimum block length 5",0.9532,111230766
"GJR_R",TRUE,1,-0.957699768673115,1,1,-0.26180210503606,1,0.951918381261511,"SHCOMP",0.95,0.95,"moving_block",5000,30,"automatic AR-significance selection with minimum block length 5",0.9532,111230766
"GJR_U",TRUE,3,0.0895850995378882,0.9998,8,1.33421905600133,0.7282,0.957087540001904,"SHCOMP",0.95,0.95,"moving_block",5000,30,"automatic AR-significance selection with minimum block length 5",0.9532,111230766
"APARCH",TRUE,5,0.182928087710929,0.9988,4,0.920145892243538,0.9402,0.956967115289688,"SHCOMP",0.95,0.95,"moving_block",5000,30,"automatic AR-significance selection with minimum block length 5",0.9532,111230766
"ARSV",TRUE,8,0.432779347684905,0.9532,3,0.874005189590763,0.953,0.958169260358939,"SHCOMP",0.95,0.95,"moving_block",5000,30,"automatic AR-significance selection with minimum block length 5",0.9532,111230766
"AARSV",TRUE,2,-0.356563462405232,1,2,0.26180210503606,1,0.95443426204779,"SHCOMP",0.95,0.95,"moving_block",5000,30,"automatic AR-significance selection with minimum block length 5",0.9532,111230766
"TSV_RT",TRUE,6,0.24847151708976,0.9926,5,0.927701847351702,0.937,0.957808011095895,"SHCOMP",0.95,0.95,"moving_block",5000,30,"automatic AR-significance selection with minimum block length 5",0.9532,111230766
"STAR_SV",TRUE,7,0.356144837906896,0.9752,6,1.00843465078283,0.91,0.958280931467607,"SHCOMP",0.95,0.95,"moving_block",5000,30,"automatic AR-significance selection with minimum block length 5",0.9532,111230766
"GARCH",TRUE,4,0.105421131988046,1,7,1.15519019504571,0.8334,0.957218313248316,"SHCOMP",0.95,0.8,"moving_block",5000,30,"automatic AR-significance selection with minimum block length 5",0.9578,169144835
"GJR_R",TRUE,1,-0.95921731298545,1,1,-0.265884607464096,1,0.951918381261511,"SHCOMP",0.95,0.8,"moving_block",5000,30,"automatic AR-significance selection with minimum block length 5",0.9578,169144835
"GJR_U",TRUE,3,0.090358532514031,1,8,1.3256849173509,0.7448,0.957087540001904,"SHCOMP",0.95,0.8,"moving_block",5000,30,"automatic AR-significance selection with minimum block length 5",0.9578,169144835
"APARCH",TRUE,5,0.183573401413122,0.9994,4,0.913064688222476,0.9362,0.956967115289688,"SHCOMP",0.95,0.8,"moving_block",5000,30,"automatic AR-significance selection with minimum block length 5",0.9578,169144835
"ARSV",TRUE,8,0.435830815529968,0.9578,3,0.890623968708594,0.9442,0.958169260358939,"SHCOMP",0.95,0.8,"moving_block",5000,30,"automatic AR-significance selection with minimum block length 5",0.9578,169144835
"AARSV",TRUE,2,-0.363539179875407,1,2,0.265884607464096,1,0.95443426204779,"SHCOMP",0.95,0.8,"moving_block",5000,30,"automatic AR-significance selection with minimum block length 5",0.9578,169144835
"TSV_RT",TRUE,6,0.249389553928042,0.9952,5,0.944649585739518,0.925,0.957808011095895,"SHCOMP",0.95,0.8,"moving_block",5000,30,"automatic AR-significance selection with minimum block length 5",0.9578,169144835
"STAR_SV",TRUE,7,0.359412605397598,0.978,6,1.02897095158742,0.8908,0.958280931467607,"SHCOMP",0.95,0.8,"moving_block",5000,30,"automatic AR-significance selection with minimum block length 5",0.9578,169144835
"GARCH",TRUE,2,-0.572401535313827,1,2,0.869339453429106,0.9514,1.18259079137462,"SHCOMP",0.975,0.95,"moving_block",5000,25,"automatic AR-significance selection with minimum block length 5",0.4708,155494564
"GJR_R",TRUE,1,-1.70747348080083,1,1,-0.869339453429106,1,1.17595404929542,"SHCOMP",0.975,0.95,"moving_block",5000,25,"automatic AR-significance selection with minimum block length 5",0.4708,155494564
"GJR_U",TRUE,3,-0.362145367683237,1,5,1.33079301634054,0.7368,1.18469486407771,"SHCOMP",0.975,0.95,"moving_block",5000,25,"automatic AR-significance selection with minimum block length 5",0.4708,155494564
"APARCH",TRUE,7,0.929921071423648,0.6822,8,1.77077788552087,0.4446,1.19131293606614,"SHCOMP",0.975,0.95,"moving_block",5000,25,"automatic AR-significance selection with minimum block length 5",0.4708,155494564
"ARSV",TRUE,8,1.22242544522791,0.4708,7,1.58383023612225,0.5666,1.19393351394652,"SHCOMP",0.975,0.95,"moving_block",5000,25,"automatic AR-significance selection with minimum block length 5",0.4708,155494564
"AARSV",TRUE,4,0.154115323997365,1,3,0.98608191831184,0.9514,1.18922260829597,"SHCOMP",0.975,0.95,"moving_block",5000,25,"automatic AR-significance selection with minimum block length 5",0.4708,155494564
"TSV_RT",TRUE,6,0.768078961801701,0.8028,4,1.30369594920771,0.755,1.19349875336429,"SHCOMP",0.975,0.95,"moving_block",5000,25,"automatic AR-significance selection with minimum block length 5",0.4708,155494564
"STAR_SV",TRUE,5,0.705927601107028,0.8402,6,1.37944675176025,0.7054,1.19238433445424,"SHCOMP",0.975,0.95,"moving_block",5000,25,"automatic AR-significance selection with minimum block length 5",0.4708,155494564
"GARCH",TRUE,2,-0.564786444010634,1,2,0.863860126231897,0.9498,1.18259079137462,"SHCOMP",0.975,0.8,"moving_block",5000,25,"automatic AR-significance selection with minimum block length 5",0.4786,258072476
"GJR_R",TRUE,1,-1.72130599876586,1,1,-0.863860126231897,1,1.17595404929542,"SHCOMP",0.975,0.8,"moving_block",5000,25,"automatic AR-significance selection with minimum block length 5",0.4786,258072476
"GJR_U",TRUE,3,-0.359710995553439,1,5,1.33515840871807,0.7382,1.18469486407771,"SHCOMP",0.975,0.8,"moving_block",5000,25,"automatic AR-significance selection with minimum block length 5",0.4786,258072476
"APARCH",TRUE,7,0.911955426064305,0.6968,8,1.77548372451808,0.4436,1.19131293606614,"SHCOMP",0.975,0.8,"moving_block",5000,25,"automatic AR-significance selection with minimum block length 5",0.4786,258072476
"ARSV",TRUE,8,1.22387477377358,0.4786,7,1.59029102187726,0.5684,1.19393351394652,"SHCOMP",0.975,0.8,"moving_block",5000,25,"automatic AR-significance selection with minimum block length 5",0.4786,258072476
"AARSV",TRUE,4,0.151291868324777,0.9994,3,0.977597248513571,0.9498,1.18922260829597,"SHCOMP",0.975,0.8,"moving_block",5000,25,"automatic AR-significance selection with minimum block length 5",0.4786,258072476
"TSV_RT",TRUE,6,0.771231549821885,0.7882,4,1.31362712499805,0.751,1.19349875336429,"SHCOMP",0.975,0.8,"moving_block",5000,25,"automatic AR-significance selection with minimum block length 5",0.4786,258072476
"STAR_SV",TRUE,5,0.700082258685201,0.8316,6,1.37850826001054,0.709,1.19238433445424,"SHCOMP",0.975,0.8,"moving_block",5000,25,"automatic AR-significance selection with minimum block length 5",0.4786,258072476
"GARCH",TRUE,2,-0.497912993258795,1,2,0.844370608273309,0.9516,1.45548808705154,"SHCOMP",0.99,0.95,"moving_block",5000,25,"automatic AR-significance selection with minimum block length 5",0.4778,49336362
"GJR_R",TRUE,1,-1.42186627864136,1,1,-0.844370608273309,1,1.4435442390285,"SHCOMP",0.99,0.95,"moving_block",5000,25,"automatic AR-significance selection with minimum block length 5",0.4778,49336362
"GJR_U",TRUE,3,-0.433970068943365,1,5,1.20605729402287,0.7976,1.45687106689081,"SHCOMP",0.99,0.95,"moving_block",5000,25,"automatic AR-significance selection with minimum block length 5",0.4778,49336362
"APARCH",TRUE,4,0.171068287023028,0.9996,6,1.24223245625599,0.7756,1.46395315750879,"SHCOMP",0.99,0.95,"moving_block",5000,25,"automatic AR-significance selection with minimum block length 5",0.4778,49336362
"ARSV",TRUE,8,1.20468442510083,0.4778,8,1.38036711882358,0.689,1.47365824761441,"SHCOMP",0.99,0.95,"moving_block",5000,25,"automatic AR-significance selection with minimum block length 5",0.4778,49336362
"AARSV",TRUE,5,0.375061882370301,0.9778,3,1.0829393419454,0.9516,1.46742555230776,"SHCOMP",0.99,0.95,"moving_block",5000,25,"automatic AR-significance selection with minimum block length 5",0.4778,49336362
"TSV_RT",TRUE,7,0.804308891298698,0.768,4,1.20081747494706,0.8018,1.47302654287623,"SHCOMP",0.99,0.95,"moving_block",5000,25,"automatic AR-significance selection with minimum block length 5",0.4778,49336362
"STAR_SV",TRUE,6,0.732474310718822,0.8212,7,1.24909013004334,0.7722,1.46967575523637,"SHCOMP",0.99,0.95,"moving_block",5000,25,"automatic AR-significance selection with minimum block length 5",0.4778,49336362
"GARCH",TRUE,2,-0.495523754491506,1,2,0.83649813156791,0.9576,1.45548808705154,"SHCOMP",0.99,0.8,"moving_block",5000,25,"automatic AR-significance selection with minimum block length 5",0.4882,65330403
"GJR_R",TRUE,1,-1.42126624042111,1,1,-0.83649813156791,1,1.4435442390285,"SHCOMP",0.99,0.8,"moving_block",5000,25,"automatic AR-significance selection with minimum block length 5",0.4882,65330403
"GJR_U",TRUE,3,-0.431868936645951,1,5,1.20891374823974,0.7922,1.45687106689081,"SHCOMP",0.99,0.8,"moving_block",5000,25,"automatic AR-significance selection with minimum block length 5",0.4882,65330403
"APARCH",TRUE,4,0.168736268118649,0.9994,6,1.24266943648455,0.772,1.46395315750879,"SHCOMP",0.99,0.8,"moving_block",5000,25,"automatic AR-significance selection with minimum block length 5",0.4882,65330403
"ARSV",TRUE,8,1.19061890091279,0.4882,8,1.37198115379423,0.6936,1.47365824761441,"SHCOMP",0.99,0.8,"moving_block",5000,25,"automatic AR-significance selection with minimum block length 5",0.4882,65330403
"AARSV",TRUE,5,0.372339724325405,0.9788,3,1.08579687677453,0.9576,1.46742555230776,"SHCOMP",0.99,0.8,"moving_block",5000,25,"automatic AR-significance selection with minimum block length 5",0.4882,65330403
"TSV_RT",TRUE,7,0.804781134968927,0.7768,4,1.20013957320251,0.7982,1.47302654287623,"SHCOMP",0.99,0.8,"moving_block",5000,25,"automatic AR-significance selection with minimum block length 5",0.4882,65330403
"STAR_SV",TRUE,6,0.728524028715926,0.8286,7,1.243183907366,0.7718,1.46967575523637,"SHCOMP",0.99,0.8,"moving_block",5000,25,"automatic AR-significance selection with minimum block length 5",0.4882,65330403
"GARCH",TRUE,7,0.732541329419979,0.8634,5,1.11974785901695,0.8816,0.966224431407374,"SP500",0.95,0.95,"moving_block",5000,29,"automatic AR-significance selection with minimum block length 5",0.7716,41130455
"GJR_R",TRUE,4,-0.776516641285318,1,2,0.018720007798772,1,0.93349489384742,"SP500",0.95,0.95,"moving_block",5000,29,"automatic AR-significance selection with minimum block length 5",0.7716,41130455
"GJR_U",TRUE,5,0.156347628158718,1,8,2.43727699831743,0.1292,0.951792357918237,"SP500",0.95,0.95,"moving_block",5000,29,"automatic AR-significance selection with minimum block length 5",0.7716,41130455
"APARCH",TRUE,6,0.546649639242078,0.9494,6,1.29328364869722,0.7892,0.960775530546399,"SP500",0.95,0.95,"moving_block",5000,29,"automatic AR-significance selection with minimum block length 5",0.7716,41130455
"ARSV",TRUE,8,0.872450842661855,0.7716,7,1.42373920079618,0.7054,0.974166321136672,"SP500",0.95,0.95,"moving_block",5000,29,"automatic AR-significance selection with minimum block length 5",0.7716,41130455
"AARSV",TRUE,2,-0.926954681718376,1,3,0.172039309228789,1,0.936403409093514,"SP500",0.95,0.95,"moving_block",5000,29,"automatic AR-significance selection with minimum block length 5",0.7716,41130455
"TSV_RT",TRUE,3,-0.79821569687007,1,1,-0.018720007798772,1,0.932782636394842,"SP500",0.95,0.95,"moving_block",5000,29,"automatic AR-significance selection with minimum block length 5",0.7716,41130455
"STAR_SV",TRUE,1,-1.39061844428112,1,4,0.204797994083842,1,0.937122429156984,"SP500",0.95,0.95,"moving_block",5000,29,"automatic AR-significance selection with minimum block length 5",0.7716,41130455
"GARCH",TRUE,7,0.750359415812188,0.8534,5,1.14360990764358,0.8696,0.966224431407374,"SP500",0.95,0.8,"moving_block",5000,29,"automatic AR-significance selection with minimum block length 5",0.7552,21791686
"GJR_R",TRUE,4,-0.791464312645506,1,2,0.0191751045331631,1,0.93349489384742,"SP500",0.95,0.8,"moving_block",5000,29,"automatic AR-significance selection with minimum block length 5",0.7552,21791686
"GJR_U",TRUE,5,0.160154781826805,1,8,2.47411872183017,0.1146,0.951792357918237,"SP500",0.95,0.8,"moving_block",5000,29,"automatic AR-significance selection with minimum block length 5",0.7552,21791686
"APARCH",TRUE,6,0.553801275026514,0.952,6,1.29735842272072,0.7834,0.960775530546399,"SP500",0.95,0.8,"moving_block",5000,29,"automatic AR-significance selection with minimum block length 5",0.7552,21791686
"ARSV",TRUE,8,0.890672932399374,0.7552,7,1.44277531923392,0.6944,0.974166321136672,"SP500",0.95,0.8,"moving_block",5000,29,"automatic AR-significance selection with minimum block length 5",0.7552,21791686
"AARSV",TRUE,2,-0.941133727525582,1,3,0.176201409387367,1,0.936403409093514,"SP500",0.95,0.8,"moving_block",5000,29,"automatic AR-significance selection with minimum block length 5",0.7552,21791686
"TSV_RT",TRUE,3,-0.816023512053434,1,1,-0.0191751045331631,1,0.932782636394842,"SP500",0.95,0.8,"moving_block",5000,29,"automatic AR-significance selection with minimum block length 5",0.7552,21791686
"STAR_SV",TRUE,1,-1.3994491440489,1,4,0.207244841950137,1,0.937122429156984,"SP500",0.95,0.8,"moving_block",5000,29,"automatic AR-significance selection with minimum block length 5",0.7552,21791686
"GARCH",TRUE,5,0.127035014718435,1,5,0.458432635133153,0.9986,1.17013495925067,"SP500",0.975,0.95,"moving_block",5000,28,"automatic AR-significance selection with minimum block length 5",0.8874,140403543
"GJR_R",TRUE,3,-0.724951566323912,1,1,-0.126810456267331,1,1.1442812677629,"SP500",0.975,0.95,"moving_block",5000,28,"automatic AR-significance selection with minimum block length 5",0.8874,140403543
"GJR_U",TRUE,6,0.254545875427315,0.9974,8,2.64451272816381,0.083,1.17242281292997,"SP500",0.975,0.95,"moving_block",5000,28,"automatic AR-significance selection with minimum block length 5",0.8874,140403543
"APARCH",TRUE,7,0.493570208072856,0.9606,7,1.23684014837404,0.812,1.18266629365041,"SP500",0.975,0.95,"moving_block",5000,28,"automatic AR-significance selection with minimum block length 5",0.8874,140403543
"ARSV",TRUE,8,0.662715268349535,0.8874,6,0.912556183040626,0.9534,1.196655314836,"SP500",0.975,0.95,"moving_block",5000,28,"automatic AR-significance selection with minimum block length 5",0.8874,140403543
"AARSV",TRUE,2,-0.879121647341462,1,2,0.126810456267331,1,1.1486804681869,"SP500",0.975,0.95,"moving_block",5000,28,"automatic AR-significance selection with minimum block length 5",0.8874,140403543
"TSV_RT",TRUE,4,-0.164158123826177,1,4,0.339071635134376,0.9994,1.16018669297958,"SP500",0.975,0.95,"moving_block",5000,28,"automatic AR-significance selection with minimum block length 5",0.8874,140403543
"STAR_SV",TRUE,1,-1.31853832200565,1,3,0.146899927583899,1,1.147976742557,"SP500",0.975,0.95,"moving_block",5000,28,"automatic AR-significance selection with minimum block length 5",0.8874,140403543
"GARCH",TRUE,5,0.126474426828093,1,5,0.458638662680989,0.9996,1.17013495925067,"SP500",0.975,0.8,"moving_block",5000,28,"automatic AR-significance selection with minimum block length 5",0.891,46648425
"GJR_R",TRUE,3,-0.731156852318173,1,1,-0.127303047561467,1,1.1442812677629,"SP500",0.975,0.8,"moving_block",5000,28,"automatic AR-significance selection with minimum block length 5",0.891,46648425
"GJR_U",TRUE,6,0.256159453146224,0.9978,8,2.63716563127569,0.0824,1.17242281292997,"SP500",0.975,0.8,"moving_block",5000,28,"automatic AR-significance selection with minimum block length 5",0.891,46648425
"APARCH",TRUE,7,0.48457593900175,0.965,7,1.21320628304487,0.8262,1.18266629365041,"SP500",0.975,0.8,"moving_block",5000,28,"automatic AR-significance selection with minimum block length 5",0.891,46648425
"ARSV",TRUE,8,0.659520105833834,0.891,6,0.91054764697383,0.9504,1.196655314836,"SP500",0.975,0.8,"moving_block",5000,28,"automatic AR-significance selection with minimum block length 5",0.891,46648425
"AARSV",TRUE,2,-0.87791751439355,1,2,0.127303047561467,1,1.1486804681869,"SP500",0.975,0.8,"moving_block",5000,28,"automatic AR-significance selection with minimum block length 5",0.891,46648425
"TSV_RT",TRUE,4,-0.163572700367742,1,4,0.33922888272897,1,1.16018669297958,"SP500",0.975,0.8,"moving_block",5000,28,"automatic AR-significance selection with minimum block length 5",0.891,46648425
"STAR_SV",TRUE,1,-1.30425228295786,1,3,0.15064347714512,1,1.147976742557,"SP500",0.975,0.8,"moving_block",5000,28,"automatic AR-significance selection with minimum block length 5",0.891,46648425
"GARCH",TRUE,3,-0.665569926630999,1,1,-0.209873732619183,1,1.41128936176647,"SP500",0.99,0.95,"moving_block",5000,16,"automatic AR-significance selection with minimum block length 5",0.697,111116278
"GJR_R",TRUE,4,-0.103815004452606,1,4,0.434064839739117,0.9992,1.45486597551736,"SP500",0.99,0.95,"moving_block",5000,16,"automatic AR-significance selection with minimum block length 5",0.697,111116278
"GJR_U",TRUE,7,0.891519311087669,0.7368,8,1.89445119184093,0.356,1.49857731381233,"SP500",0.99,0.95,"moving_block",5000,16,"automatic AR-significance selection with minimum block length 5",0.697,111116278
"APARCH",TRUE,8,0.948274131282255,0.697,7,1.63944178873902,0.5334,1.52279656939882,"SP500",0.99,0.95,"moving_block",5000,16,"automatic AR-significance selection with minimum block length 5",0.697,111116278
"ARSV",TRUE,5,-0.0538461378082499,1,6,1.13589452817247,0.8678,1.45475012786553,"SP500",0.99,0.95,"moving_block",5000,16,"automatic AR-significance selection with minimum block length 5",0.697,111116278
"AARSV",TRUE,6,0.123863594998617,1,5,0.720385576590163,0.9992,1.46335829450886,"SP500",0.99,0.95,"moving_block",5000,16,"automatic AR-significance selection with minimum block length 5",0.697,111116278
"TSV_RT",TRUE,2,-0.731481397740357,1,2,0.209873732619183,1,1.42676647765477,"SP500",0.99,0.95,"moving_block",5000,16,"automatic AR-significance selection with minimum block length 5",0.697,111116278
"STAR_SV",TRUE,1,-0.748515106159904,1,3,0.316714164892813,1,1.44085701539354,"SP500",0.99,0.95,"moving_block",5000,16,"automatic AR-significance selection with minimum block length 5",0.697,111116278
"GARCH",TRUE,3,-0.667350261744546,1,1,-0.213332971213234,1,1.41128936176647,"SP500",0.99,0.8,"moving_block",5000,16,"automatic AR-significance selection with minimum block length 5",0.6784,119780674
"GJR_R",TRUE,4,-0.104323526723259,1,4,0.434479214647257,0.9994,1.45486597551736,"SP500",0.99,0.8,"moving_block",5000,16,"automatic AR-significance selection with minimum block length 5",0.6784,119780674
"GJR_U",TRUE,7,0.891444508169564,0.7258,8,1.89649797612462,0.3454,1.49857731381233,"SP500",0.99,0.8,"moving_block",5000,16,"automatic AR-significance selection with minimum block length 5",0.6784,119780674
"APARCH",TRUE,8,0.958597655222911,0.6784,7,1.64881267276074,0.5188,1.52279656939882,"SP500",0.99,0.8,"moving_block",5000,16,"automatic AR-significance selection with minimum block length 5",0.6784,119780674
"ARSV",TRUE,5,-0.0544767355990383,1,6,1.15211662829269,0.8626,1.45475012786553,"SP500",0.99,0.8,"moving_block",5000,16,"automatic AR-significance selection with minimum block length 5",0.6784,119780674
"AARSV",TRUE,6,0.122916070328056,1,5,0.727945501027032,0.9994,1.46335829450886,"SP500",0.99,0.8,"moving_block",5000,16,"automatic AR-significance selection with minimum block length 5",0.6784,119780674
"TSV_RT",TRUE,2,-0.737313956424027,1,2,0.213332971213234,1,1.42676647765477,"SP500",0.99,0.8,"moving_block",5000,16,"automatic AR-significance selection with minimum block length 5",0.6784,119780674
"STAR_SV",TRUE,1,-0.763390569340076,1,3,0.319053965602467,1,1.44085701539354,"SP500",0.99,0.8,"moving_block",5000,16,"automatic AR-significance selection with minimum block length 5",0.6784,119780674
