"market","model","confidence","n","average_var","average_es","hits","hit_rate","kupiec_statistic","kupiec_p_value","christoffersen_ind_statistic","christoffersen_ind_p_value","christoffersen_cc_statistic","christoffersen_cc_p_value","z2","z2_green_cutoff","z2_red_cutoff","z2_zone","de_unconditional_statistic","de_unconditional_p_value","de_conditional_statistic","de_conditional_p_value"
"DAX","GARCH",0.95,1523,1.75972535729371,2.54318037725496,113,0.0741956664478004,16.4449072160639,0.0000500845503453608,2.59480667786011,0.107214520928736,19.039713893924,0.0000733801608546508,-0.544394226793236,-0.190350289843537,-0.448057686771826,"red",4.5138548099403,0.00000636598063411107,12.8134001649136,0.012224476393442
"DAX","GARCH",0.975,1523,2.2600888010827,3.10695664188281,64,0.0420223243598161,15.0789001656053,0.000103109388021838,0.0373358695218258,0.846782823521472,15.1162360351271,0.000521856444957569,-0.713894099324325,-0.273213092055528,-0.650397720967242,"red",4.08094505683004,0.0000448529576399464,6.04450277353105,0.195849338895202
"DAX","GARCH",0.99,1523,2.97085784871683,3.93313865654821,28,0.0183847669074196,8.66895288456348,0.00323677124191475,1.04959290891776,0.305600862213545,9.71854579348124,0.00775612134249196,-0.850080645748632,-0.440679915077331,-1.0936917843357,"yellow",3.51461549183416,0.000440391130095534,8.91791498091062,0.0631842855730377
"DAX","GJR_R",0.95,1523,1.8891154846818,2.76269991187006,94,0.06172028890348,4.11199345942861,0.0425801452650963,0.00732999936042233,0.93177214370997,4.11932345878903,0.127497091119299,-0.251936774194698,-0.190350289843537,-0.448057686771826,"yellow",2.04007044978661,0.0413433094252335,4.70186091984545,0.319278216769156
"DAX","GJR_R",0.975,1523,2.43601709693329,3.39695140821656,46,0.0302035456336179,1.58805272010421,0.207604566535594,0.128462783564885,0.720031232095455,1.7165155036691,0.423899978291656,-0.246845916049079,-0.273213092055528,-0.650397720967242,"green",2.07259553844892,0.0382099366105558,2.84490743914581,0.584106027099533
"DAX","GJR_R",0.99,1523,3.22866242112116,4.34528047127665,23,0.0151017728168089,3.46255440093882,0.0627732697031284,0.705831565822848,0.400831113946828,4.16838596676167,0.124407478567636,-0.45246862632781,-0.440679915077331,-1.0936917843357,"yellow",1.70915277947511,0.0874226531202855,0.52464842843285,0.971057516638879
"DAX","GJR_U",0.95,1523,1.82137022841063,2.61161412226144,106,0.0695994747209455,11.035726604248,0.00089372639914075,0.979934194999146,0.322215052896444,12.0156607992471,0.00245941835113335,-0.41328648852446,-0.190350289843537,-0.448057686771826,"yellow",2.95937253817808,0.00308266195255114,4.6980008606877,0.319710778830041
"DAX","GJR_U",0.975,1523,2.32816025469023,3.17921013532072,47,0.03086014445174,1.9991827319697,0.15738404657174,0.166789545379515,0.682980945244808,2.16597227734922,0.338582958896873,-0.324687339635985,-0.273213092055528,-0.650397720967242,"yellow",2.78504122215603,0.00535209184594491,2.14832764491035,0.708499640600536
"DAX","GJR_U",0.99,1523,3.04506558241863,4.00741205476701,27,0.0177281680892974,7.4708830975964,0.00627047862098451,0.975303859437133,0.323360964280836,8.44618695703354,0.0146532448215775,-0.7360784586362,-0.440679915077331,-1.0936917843357,"yellow",2.60779569318573,0.00911273264769149,1.13202735281028,0.889157987496544
"DAX","APARCH",0.95,1523,1.80068929023127,2.55795731976968,96,0.0630334865397242,5.04906282648829,0.0246392616590523,0.160888356735995,0.688339942046924,5.20995118322428,0.0739049410760075,-0.319569518594088,-0.190350289843537,-0.448057686771826,"yellow",2.91162410976782,0.0035955503556907,6.86412147393423,0.143245393148432
"DAX","APARCH",0.975,1523,2.29066261228591,3.09964940845289,53,0.0347997373604728,5.35832205973053,0.0206236076992393,0.493896833017516,0.482194146922145,5.85221889274804,0.0536051868298273,-0.439059532580746,-0.273213092055528,-0.650397720967242,"yellow",2.97584961511744,0.00292178100705335,3.34681278073523,0.501549521616634
"DAX","APARCH",0.99,1523,2.97745408144167,3.88271159763781,26,0.0170715692711753,6.34824122758554,0.0117497728925035,0.903788817439704,0.341767817355042,7.25203004502524,0.0266220616258666,-0.682270563278228,-0.440679915077331,-1.0936917843357,"yellow",2.66889241184183,0.00761018230445201,3.02364007057809,0.553877114815218
"DAX","ARSV",0.95,1523,1.75399882916115,2.51265882316792,108,0.0709126723571898,12.4823748634651,0.000410809602083638,0.763081260472177,0.382365966948168,13.2454561239373,0.00132979822076505,-0.494582948592156,-0.190350289843537,-0.448057686771826,"red",3.91631488709408,0.0000899127951016911,13.8145379849036,0.0079111151259403
"DAX","ARSV",0.975,1523,2.25794338083211,3.04926149830649,64,0.0420223243598161,15.0789001656053,0.000103109388021838,0.610369468877707,0.434648732495314,15.689269634483,0.000391848678379915,-0.727229514947727,-0.273213092055528,-0.650397720967242,"red",3.63733438232601,0.000275474209016915,12.175156079489,0.0160951972354354
"DAX","ARSV",0.99,1523,2.95149145529972,3.79913836357577,26,0.0170715692711753,6.34824122758554,0.0117497728925035,0.903788817439704,0.341767817355042,7.25203004502524,0.0266220616258666,-0.815815241135612,-0.440679915077331,-1.0936917843357,"yellow",3.45900981953778,0.000542165138312881,11.9508846543501,0.0177202613437404
"DAX","AARSV",0.95,1523,1.7849812761136,2.51215292078711,98,0.0643466841759685,6.07507772471049,0.0137102268011986,0.481649667109764,0.487676033922988,6.55672739182025,0.0376898784798328,-0.347579706426069,-0.190350289843537,-0.448057686771826,"yellow",2.90505459900061,0.00367189041341703,8.31547983720478,0.0806818661956652
"DAX","AARSV",0.975,1523,2.26997660606112,3.025239813413,50,0.0328299409061064,3.49253425617209,0.0616461461717326,0.30991225063741,0.577734036841338,3.8024465068095,0.149385770757732,-0.400076578215739,-0.273213092055528,-0.650397720967242,"yellow",3.18883398592405,0.00142847888826697,5.03525462343385,0.283699242127403
"DAX","AARSV",0.99,1523,2.93210597158049,3.7403071512321,28,0.0183847669074196,8.66895288456348,0.00323677124191475,1.04959290891776,0.305600862213545,9.71854579348124,0.00775612134249196,-0.823084404886177,-0.440679915077331,-1.0936917843357,"yellow",2.74132759976481,0.00611914633788698,6.68808764088985,0.153318449664365
"DAX","TSV_RT",0.95,1523,1.78786707782903,2.53015685956656,101,0.0663164806303349,7.7771878522729,0.00529100968493475,0.273574744167831,0.600943821638163,8.05076259644073,0.0178566141598765,-0.380846819951988,-0.190350289843537,-0.448057686771826,"yellow",3.42498806270299,0.000614826434186146,12.2793806833544,0.015390252326538
"DAX","TSV_RT",0.975,1523,2.28378772968373,3.05362849023734,58,0.0380827314510834,9.24123422782899,0.00236625409654053,0.27644840582883,0.599038562737301,9.51768263365782,0.00857553997704375,-0.538713023850465,-0.273213092055528,-0.650397720967242,"yellow",2.98254447105385,0.00285863115005056,12.987512602063,0.0113369710402005
"DAX","TSV_RT",0.99,1523,2.96119326550979,3.78082164168538,23,0.0151017728168089,3.46255440093882,0.0627732697031284,0.705831565822848,0.400831113946828,4.16838596676167,0.124407478567636,-0.54619908310932,-0.440679915077331,-1.0936917843357,"yellow",2.18176112264713,0.029127167234285,14.3135353678477,0.00635877385323034
"DAX","STAR_SV",0.95,1523,1.79536637065581,2.55943300442003,96,0.0630334865397242,5.04906282648829,0.0246392616590523,0.160888356735995,0.688339942046924,5.20995118322428,0.0739049410760075,-0.296536615526658,-0.190350289843537,-0.448057686771826,"yellow",2.5406232080684,0.0110655098347063,6.28356773484172,0.178948488815194
"DAX","STAR_SV",0.975,1523,2.29122325714876,3.10537050968524,48,0.0315167432698621,2.45422416015225,0.117209068844674,0.20985333174616,0.646882385353132,2.66407749189841,0.263938608629242,-0.313271610996763,-0.273213092055528,-0.650397720967242,"yellow",2.56604937867512,0.0102864183593972,3.60085835411173,0.462709202717301
"DAX","STAR_SV",0.99,1523,2.9854729521639,3.89123321142095,25,0.0164149704530532,5.30387741642773,0.0212780073750246,0.835042157001055,0.360818577085145,6.13891957342879,0.0464462389567902,-0.596559665273179,-0.440679915077331,-1.0936917843357,"yellow",2.11424961947829,0.0344939528858562,6.5084675259877,0.164257641946849
"FTSE","GARCH",0.95,1513,1.46374852630135,2.06053915241681,96,0.0634500991407799,5.32978893833235,0.0209639237332383,7.00867336268198,0.0081115764996512,12.3384623010143,0.00209284446450764,-0.405462725025065,-0.19088531926001,-0.448539768571869,"yellow",3.92995323570129,0.0000849623841236964,9.87366783816359,0.0426103567923671
"FTSE","GARCH",0.975,1513,1.85454867726491,2.48503700736916,63,0.0416391275611368,14.3628186769629,0.000150749838996845,3.56290258576723,0.0590843384495814,17.9257212627302,0.0001280793414029,-0.756807247646532,-0.274183424253457,-0.655449926840445,"red",4.51832564439692,0.00000623305697670187,5.96853685803296,0.201510313596671
"FTSE","GARCH",0.99,1513,2.3954122212582,3.09084664096841,30,0.0198281559814937,11.4791830580416,0.000703800597559005,0.23937127983811,0.624660578759938,11.7185543378797,0.00285330539521862,-1.06637839841457,-0.441797179658782,-1.091123043342,"yellow",4.2184707332046,0.0000245964890036479,6.33904799001712,0.175218394317986
"FTSE","GJR_R",0.95,1513,1.61324939762184,2.2809374905555,87,0.0575016523463318,1.71343989255713,0.190539669615935,2.97810345143216,0.0843981145530119,4.69154334398929,0.0957732680589446,-0.215425402023189,-0.19088531926001,-0.448539768571869,"yellow",2.01027284818358,0.0444023189461142,2.60027500549681,0.626774408719484
"FTSE","GJR_R",0.975,1513,2.04451915093608,2.75892267140802,48,0.03172504957039,2.59049596442103,0.107506667146263,0.217148774266434,0.641221050077156,2.80764473868746,0.245656178426681,-0.33416468829782,-0.274183424253457,-0.655449926840445,"yellow",2.07919207872567,0.0375996994403031,1.38639174803675,0.846556714231383
"FTSE","GJR_R",0.99,1513,2.64998940857959,3.4512172932822,21,0.0138797091870456,2.05243625806606,0.151962851107297,0.591568855261443,0.441813092572672,2.64400511332751,0.266600883666833,-0.473637743207146,-0.441797179658782,-1.091123043342,"yellow",1.97937140865607,0.047774205124925,0.544132577800256,0.969064882212916
"FTSE","GJR_U",0.95,1513,1.50453251655677,2.07485359751403,100,0.0660938532716457,7.5254093905438,0.00608347282327463,4.18122855571733,0.0408740608856031,11.7066379462611,0.00287035669451357,-0.428645973757887,-0.19088531926001,-0.448539768571869,"yellow",3.60821936014036,0.000308305769044675,3.1386160085371,0.534902174259153
"FTSE","GJR_U",0.975,1513,1.88506440463707,2.47685757251365,60,0.0396563119629874,11.3499363743479,0.000754505539657394,0.0696216227771629,0.791888495239633,11.4195579971251,0.00331340473119833,-0.684750339250436,-0.274183424253457,-0.655449926840445,"red",3.89563165938164,0.0000979431405000064,1.62790804980595,0.803767670881666
"FTSE","GJR_U",0.99,1513,2.4010289820606,3.03879498704394,28,0.0185062789160608,8.84029871977476,0.00294650913996845,1.05666647408685,0.303976718117006,9.89696519386161,0.007094165474445,-0.976989303451221,-0.441797179658782,-1.091123043342,"yellow",3.56548137599673,0.000363188953650007,0.695022580569473,0.951941317065282
"FTSE","APARCH",0.95,1513,1.45798799657779,1.99644518760186,99,0.0654329147389293,6.94387287379997,0.00841068156243707,4.43951369852539,0.0351162487583436,11.3833865723254,0.00337387519364762,-0.432311995203166,-0.19088531926001,-0.448539768571869,"yellow",3.79857040876275,0.000145533088521574,3.56605017452631,0.467906593139947
"FTSE","APARCH",0.975,1513,1.82006841703864,2.3745269985065,61,0.0403172504957039,12.320240691146,0.00044807292037265,0.120442111384762,0.72855547794583,12.4406828025307,0.00198856620234574,-0.726882457161315,-0.274183424253457,-0.655449926840445,"red",4.23257599767136,0.0000231029807478314,4.30131413618385,0.366760569152769
"FTSE","APARCH",0.99,1513,2.30678793605856,2.89833364053992,28,0.0185062789160608,8.84029871977476,0.00294650913996845,1.05666647408685,0.303976718117006,9.89696519386161,0.007094165474445,-1.01701827601159,-0.441797179658782,-1.091123043342,"yellow",4.41034579962042,0.0000103205676783795,2.02331930028338,0.731469633387488
"FTSE","ARSV",0.95,1513,1.44568972584198,2.00799318946225,100,0.0660938532716457,7.5254093905438,0.00608347282327463,11.5175681201929,0.000689415211872335,19.0429775107367,0.0000732605161364861,-0.466293460827657,-0.19088531926001,-0.448539768571869,"red",3.92531926379821,0.0000866147827441555,12.56862676074,0.013587701507105
"FTSE","ARSV",0.975,1513,1.82969959965995,2.40021681932286,59,0.038995373430271,10.4143433968646,0.00125040305633539,4.60192514111498,0.0319360753887227,15.0162685379795,0.000548603681376742,-0.722849227587191,-0.274183424253457,-0.655449926840445,"red",4.44458437798087,0.00000880619418512977,11.3507147876607,0.022892758323905
"FTSE","ARSV",0.99,1513,2.34173604664121,2.93103480919832,30,0.0198281559814937,11.4791830580416,0.000703800597559005,0.23937127983811,0.624660578759938,11.7185543378797,0.00285330539521862,-1.17688689375046,-0.441797179658782,-1.091123043342,"red",4.65898608098974,0.00000317770686175298,22.8956414378251,0.000132851957131024
"FTSE","AARSV",0.95,1513,1.46103114379296,1.98353897398993,95,0.0627891606080634,4.83596765200781,0.0278719950494411,5.56158382540059,0.018358797801451,10.3975514774084,0.00552332227291124,-0.404639276196778,-0.19088531926001,-0.448539768571869,"yellow",3.56984866665783,0.000357187514939532,5.08920653732401,0.278266211583122
"FTSE","AARSV",0.975,1513,1.82120823915004,2.34606660113407,61,0.0403172504957039,12.320240691146,0.00044807292037265,0.891181538772855,0.34515732287167,13.2114222299188,0.00135262096257331,-0.763662541319084,-0.274183424253457,-0.655449926840445,"red",4.51804653088387,0.0000062412770554081,6.03365769306669,0.196648757324339
"FTSE","AARSV",0.99,1513,2.29445540723834,2.83220302648051,31,0.0204890945142102,12.9018163128334,0.000328263424291926,0.186466170956066,0.66587421294385,13.0882824837895,0.00143851889205667,-1.24587191014856,-0.441797179658782,-1.091123043342,"red",5.04516923488867,0.000000453120124983982,5.54105350366293,0.236144342971585
"FTSE","TSV_RT",0.95,1513,1.45658677232374,1.98070991502744,96,0.0634500991407799,5.32978893833235,0.0209639237332383,3.74228445983317,0.0530518658886003,9.07207339816552,0.0107157924139842,-0.402205337795111,-0.19088531926001,-0.448539768571869,"yellow",3.52425204947791,0.000424680070390816,7.75023431311572,0.101167975454976
"FTSE","TSV_RT",0.975,1513,1.81897280930473,2.34385779812076,60,0.0396563119629874,11.3499363743479,0.000754505539657394,2.42798149173609,0.119186282108229,13.777917866084,0.00101897410927077,-0.721894646567836,-0.274183424253457,-0.655449926840445,"red",4.39754550268155,0.000010948193712192,11.049244235111,0.0260161162026663
"FTSE","TSV_RT",0.99,1513,2.29421477050489,2.82856283392515,29,0.0191672174487773,10.1245774388549,0.00146305196633126,2.38195812955576,0.122743607203764,12.5065355684106,0.00192415612456816,-1.08371749322443,-0.441797179658782,-1.091123043342,"yellow",3.72715925877855,0.000193650102751891,24.6795311776406,0.0000583520468775818
"FTSE","STAR_SV",0.95,1513,1.45259284304537,1.99904460217888,92,0.0608063450099141,3.49018128877135,0.0617338240712079,4.76881572118918,0.0289797538921112,8.25899700996053,0.016090946328959,-0.352352138151369,-0.19088531926001,-0.448539768571869,"yellow",3.50698999087141,0.000453206195231865,3.42487185059574,0.489393294900482
"FTSE","STAR_SV",0.975,1513,1.81939592632207,2.38316478732536,60,0.0396563119629874,11.3499363743479,0.000754505539657394,0.162199623336164,0.687139398745509,11.5121359976841,0.00316352616394664,-0.695780139130802,-0.274183424253457,-0.655449926840445,"red",4.13149472133393,0.0000360411969491,3.66467067510406,0.453285205643367
"FTSE","STAR_SV",0.99,1513,2.31426839003408,2.91594742504591,26,0.0171844018506279,6.49275932574727,0.010831472573851,0.90987146046291,0.340148526337186,7.40263078621018,0.024691026693764,-0.884707627423077,-0.441797179658782,-1.091123043342,"yellow",4.20608617728465,0.0000259831188589542,4.40713556381707,0.353701245535291
"NIKKEI","GARCH",0.95,1464,1.81232457393989,2.6286191914418,103,0.0703551912568306,11.3990349093901,0.000734822706179722,1.97858065097944,0.159540012118819,13.3776155603696,0.00124476592326398,-0.37539704004114,-0.194471130237703,-0.455377091797569,"yellow",3.09723487029561,0.00195335041332907,5.51310236920935,0.238580169121812
"NIKKEI","GARCH",0.975,1464,2.33245944587534,3.21664544624033,55,0.037568306010929,8.23955620007437,0.00409871530585795,0.00241551372471349,0.960801449874573,8.24197171379909,0.0162285075668481,-0.431871854460959,-0.278572605630062,-0.664737959759087,"yellow",2.50186272451401,0.0123541817101318,0.52618081802094,0.970902735174592
"NIKKEI","GARCH",0.99,1464,3.07311218710167,4.08037874677064,21,0.014344262295082,2.46007653223998,0.116773092354643,0.611672107492836,0.434158925890481,3.07174863973281,0.215267396305587,-0.305450614522745,-0.44932846277879,-1.11347663890359,"green",0.3118526492474,0.75515250951104,0.432389733377053,0.979740200716668
"NIKKEI","GJR_R",0.95,1464,1.94627128127295,2.85271174054271,87,0.0594262295081967,2.58939292808148,0.107581562587464,0.32358248747903,0.569462613542563,2.91297541556051,0.233053390525352,-0.137356219647348,-0.194471130237703,-0.455377091797569,"green",1.25894608208983,0.208049807518693,5.80041709005815,0.214557283518103
"NIKKEI","GJR_R",0.975,1464,2.51291686677798,3.51124609204007,46,0.0314207650273224,2.29260945380332,0.129991213462445,0.203162394815649,0.652180270093138,2.49577184861897,0.287111130378099,-0.152874425538919,-0.278572605630062,-0.664737959759087,"green",0.478696294749364,0.632154702132971,1.4562483293449,0.834362230052875
"NIKKEI","GJR_R",0.99,1464,3.33548652656095,4.49722617267096,16,0.0109289617486339,0.123875387428195,0.724868744728419,0.353842732417718,0.55194587162693,0.477718119845913,0.787525868507888,0.0237775046804491,-0.44932846277879,-1.11347663890359,"green",-0.286424076072089,0.774553336747619,0.382985430637073,0.983846085189162
"NIKKEI","GJR_U",0.95,1464,1.85512577115395,2.64330737233596,98,0.0669398907103825,8.03219578173126,0.00459530976915226,0.0325630694721895,0.856797418430735,8.06475885120345,0.0177320875341916,-0.301490127443146,-0.194471130237703,-0.455377091797569,"yellow",2.27743950563309,0.0227599932453449,6.48186069755035,0.165936900274093
"NIKKEI","GJR_U",0.975,1464,2.36524041868554,3.20704357274801,50,0.0341530054644809,4.52366715457295,0.0334291050998242,0.0505979828943737,0.822025986877219,4.57426513746733,0.101557253185668,-0.303361660474866,-0.278572605630062,-0.664737959759087,"yellow",1.45502706278048,0.145661769498038,1.73095964974268,0.785086382294222
"NIKKEI","GJR_U",0.99,1464,3.08009116351403,4.02171910256062,18,0.0122950819672131,0.725908372428578,0.394212667877308,0.448454504816851,0.503069800531087,1.17436287724543,0.555891894147657,-0.166544177213741,-0.44932846277879,-1.11347663890359,"green",0.74070824867677,0.458870356845172,0.551130178986328,0.968336332014224
"NIKKEI","APARCH",0.95,1464,1.88372988457117,2.66140991962895,85,0.0580601092896175,1.9078914240829,0.167197670897937,0.000860621890296898,0.976596330023065,1.9087520459732,0.385052333414028,-0.146860155294965,-0.194471130237703,-0.455377091797569,"green",1.32733842723435,0.184396757700045,6.09300392675002,0.192309511041127
"NIKKEI","APARCH",0.975,1464,2.3911579244205,3.21552641695723,44,0.0300546448087432,1.44287255464672,0.229675063759785,0.0913090476917091,0.762519522471756,1.53418160233843,0.464362026630779,-0.165341686534619,-0.278572605630062,-0.664737959759087,"green",1.01382867442898,0.310664510253587,2.0018859069091,0.735411989204356
"NIKKEI","APARCH",0.99,1464,3.09625626921405,4.00932437861846,18,0.0122950819672131,0.725908372428578,0.394212667877308,0.448454504816851,0.503069800531087,1.17436287724543,0.555891894147657,-0.149549955446456,-0.44932846277879,-1.11347663890359,"green",0.494220986221069,0.621150120131549,0.395974841536613,0.982805127292313
"NIKKEI","ARSV",0.95,1464,1.85559871659559,2.64358100071341,93,0.0635245901639344,5.21238561983739,0.0224265420940711,4.11098745785091,0.0426054796452234,9.3233730776883,0.00945051030085325,-0.264110203421248,-0.194471130237703,-0.455377091797569,"yellow",2.35427043405197,0.0185591033757522,5.12774207810884,0.274439699963352
"NIKKEI","ARSV",0.975,1464,2.38294246133472,3.19890438768084,50,0.0341530054644809,4.52366715457295,0.0334291050998242,0.865389856973991,0.352234760873108,5.38905701154695,0.0675742351260226,-0.324741932999854,-0.278572605630062,-0.664737959759087,"yellow",1.9577681907442,0.050257219534733,1.0650055588015,0.89978397078096
"NIKKEI","ARSV",0.99,1464,3.10290462033069,3.96827459284848,19,0.0129781420765027,1.19902491373028,0.273516653739749,0.5000144285153,0.479493782491615,1.69903934224558,0.427620280996683,-0.212807164248486,-0.44932846277879,-1.11347663890359,"green",0.145225910701873,0.884532509011757,0.354072921402625,0.986061399276464
"NIKKEI","AARSV",0.95,1464,1.90574281041344,2.6543939080671,83,0.0566939890710383,1.32631756083704,0.249461385548399,0.788989998195007,0.374405702666625,2.11530755903204,0.34726962637166,-0.123565774263441,-0.194471130237703,-0.455377091797569,"green",1.15049209251969,0.249941249225704,4.15665303755123,0.385220104708377
"NIKKEI","AARSV",0.975,1464,2.41386163515115,3.17819818937234,44,0.0300546448087432,1.44287255464672,0.229675063759785,0.320572347428765,0.571263887992189,1.76344490207548,0.414069083368562,-0.157403117120913,-0.278572605630062,-0.664737959759087,"green",0.636603840825739,0.524382922764866,1.77943312001081,0.776242963560942
"NIKKEI","AARSV",0.99,1464,3.09566521842049,3.89266162849755,17,0.0116120218579235,0.365343294813803,0.545553578224229,0.399732583426413,0.527227394219935,0.765075878240216,0.682128011148982,-0.102008640060777,-0.44932846277879,-1.11347663890359,"green",0.256987324832858,0.797188557875667,0.437428112390757,0.979299454140792
"NIKKEI","TSV_RT",0.95,1464,1.89642363248795,2.64854382290504,82,0.0560109289617486,1.07370550467001,0.30010995756629,1.23741828956145,0.265969193104278,2.31112379423146,0.314880556709125,-0.143494926291934,-0.194471130237703,-0.455377091797569,"green",1.64595358576446,0.0997733152615312,4.6079743718435,0.329935793493355
"NIKKEI","TSV_RT",0.975,1464,2.40643523006453,3.1750522484935,48,0.0327868852459016,3.3219559817437,0.0683604522281913,0.11359356884202,0.736089422584898,3.43554955058572,0.179465053991268,-0.286468793841913,-0.278572605630062,-0.664737959759087,"yellow",1.70679979268317,0.0878592709880843,2.66171604124537,0.615930238137968
"NIKKEI","TSV_RT",0.99,1464,3.09183796176155,3.89376962948216,21,0.014344262295082,2.46007653223998,0.116773092354643,0.611672107492836,0.434158925890481,3.07174863973281,0.215267396305587,-0.350960948362617,-0.44932846277879,-1.11347663890359,"green",0.900605437923303,0.367798142276422,0.502524810362975,0.973254723329179
"NIKKEI","STAR_SV",0.95,1464,1.88755690374366,2.65597174520436,88,0.0601092896174863,2.96693898349693,0.0849825169231687,0.102929372296103,0.748342195862004,3.06986835579304,0.215469873383288,-0.168672783068411,-0.194471130237703,-0.455377091797569,"green",1.32731272463769,0.184405256322439,3.59029358835533,0.464282456888143
"NIKKEI","STAR_SV",0.975,1464,2.39771680232111,3.19923387110049,45,0.0307377049180328,1.84481223095865,0.17438797011946,0.258300998369123,0.611289801546357,2.10311322932777,0.349393454617741,-0.167035003768242,-0.278572605630062,-0.664737959759087,"green",0.680143480411992,0.496413615577599,2.00213601906488,0.735365983667578
"NIKKEI","STAR_SV",0.99,1464,3.09627678693082,3.96112680427283,15,0.0102459016393443,0.00887020325364141,0.924964776570596,0.310779039151612,0.577202528827894,0.319649242405253,0.852293250024877,0.0288035439931922,-0.44932846277879,-1.11347663890359,"green",0.0364781523305843,0.970901099027793,0.422189619305912,0.980620192723852
"SHCOMP","GARCH",0.95,1455,1.62578147187184,2.4106128540873,86,0.059106529209622,2.40618302750087,0.120856728474572,0.737417613550178,0.390489366377485,3.14360064105105,0.207670971295987,-0.222824246171704,-0.195079441802309,-0.461852292222384,"yellow",1.85041197087617,0.0642541949553899,9.49528117349084,0.049844299165379
"SHCOMP","GARCH",0.975,1455,2.11003119678335,2.98403329176368,45,0.0309278350515464,1.95281392264854,0.162283946202875,3.54892697195004,0.0595839699275377,5.50174089459858,0.0638722395839285,-0.280850855717809,-0.279176409053408,-0.67017916099784,"yellow",1.74338387163107,0.0812665836439608,19.820020446169,0.000541953970069566
"SHCOMP","GARCH",0.99,1455,2.82214432382181,3.85347415164158,20,0.013745704467354,1.84629754493777,0.174214626552502,1.18574141572341,0.276190249292197,3.03203896066118,0.219584208915734,-0.409475190808091,-0.451015539213157,-1.11691228164768,"green",1.71923748556218,0.0855711377685068,36.0107832828009,0.000000287895309409912
"SHCOMP","GJR_R",0.95,1455,1.661395394141,2.49833763780807,86,0.059106529209622,2.40618302750087,0.120856728474572,0.737417613550178,0.390489366377485,3.14360064105105,0.207670971295987,-0.183243680177341,-0.195079441802309,-0.461852292222384,"green",1.27013677788783,0.204035913047341,9.28428099841486,0.0543735756661809
"SHCOMP","GJR_R",0.975,1455,2.16948575832346,3.11401592937006,42,0.0288659793814433,0.850516259176006,0.356406331581628,4.36610307290272,0.0366607406496103,5.21661933207872,0.0736589468113879,-0.174463269825433,-0.279176409053408,-0.67017916099784,"green",1.17851822878821,0.238590069512604,20.2211076963006,0.000451624988291098
"SHCOMP","GJR_R",0.99,1455,2.92826801042764,4.06192273763029,19,0.0130584192439863,1.25398506951582,0.262792713307738,1.34444333909667,0.246251893868452,2.59842840861249,0.272746031506201,-0.294695237018684,-0.451015539213157,-1.11691228164768,"green",1.20332451008324,0.228850767856328,40.3084524307692,0.0000000373704142357983
"SHCOMP","GJR_U",0.95,1455,1.63194679988414,2.42542257190102,87,0.0597938144329897,2.77239766366336,0.0959024117818288,0.639438772290646,0.423914098923687,3.411836435954,0.181605556107564,-0.226357244494684,-0.195079441802309,-0.461852292222384,"yellow",1.73157797915492,0.0833487297795375,9.15634429492563,0.0573082322169945
"SHCOMP","GJR_U",0.975,1455,2.12006259939419,3.00589760028021,45,0.0309278350515464,1.95281392264854,0.162283946202875,3.54892697195004,0.0595839699275377,5.50174089459858,0.0638722395839285,-0.276077705814642,-0.279176409053408,-0.67017916099784,"green",1.72009712390375,0.0854147884608279,19.9331951841758,0.000514794111053192
"SHCOMP","GJR_U",0.99,1455,2.8399106852087,3.88857615757595,20,0.013745704467354,1.84629754493777,0.174214626552502,1.18574141572341,0.276190249292197,3.03203896066118,0.219584208915734,-0.402372552457143,-0.451015539213157,-1.11691228164768,"green",1.72886256748336,0.0838336949196045,34.8630810081087,0.000000495609683171646
"SHCOMP","APARCH",0.95,1455,1.64910629929444,2.46346351497476,79,0.0542955326460481,0.550496307114972,0.458114974216926,0.684757737800965,0.407953212760885,1.23525404491594,0.53922248345128,-0.133194181408216,-0.195079441802309,-0.461852292222384,"green",1.18982035130225,0.234117008897275,10.7989230466956,0.0289192541105547
"SHCOMP","APARCH",0.975,1455,2.14722884796289,3.06064613393353,41,0.0281786941580756,0.57970281342556,0.446428832156427,4.66390471717534,0.0308030644068594,5.2436075306009,0.0726716619130949,-0.183698370967923,-0.279176409053408,-0.67017916099784,"green",1.44358995429945,0.148854352372561,18.1256575316822,0.00116622825495169
"SHCOMP","APARCH",0.99,1455,2.88584831040641,3.97361950522322,20,0.013745704467354,1.84629754493777,0.174214626552502,1.18574141572341,0.276190249292197,3.03203896066118,0.219584208915734,-0.382466314588409,-0.451015539213157,-1.11691228164768,"green",1.53368790494891,0.125106450721344,30.0790792739941,0.00000471631522506604
"SHCOMP","ARSV",0.95,1455,1.68735745071124,2.47838883104446,72,0.0494845360824742,0.00816553849734802,0.927998464693146,1.55651954383836,0.212175554484972,1.56468508233571,0.457333433121905,-0.0617631999197874,-0.195079441802309,-0.461852292222384,"green",0.726640830652525,0.467446008802197,12.1258564781308,0.0164394966238313
"SHCOMP","ARSV",0.975,1455,2.19086995513452,3.04891394588305,41,0.0281786941580756,0.57970281342556,0.446428832156427,7.73340362407589,0.00542084679847426,8.31310643750145,0.0156614465758215,-0.18964274313487,-0.279176409053408,-0.67017916099784,"green",1.17577351348078,0.23968539319932,18.8555483504436,0.000838998755339915
"SHCOMP","ARSV",0.99,1455,2.91290976094931,3.88530487281973,20,0.013745704467354,1.84629754493777,0.174214626552502,1.18574141572341,0.276190249292197,3.03203896066118,0.219584208915734,-0.417530637105138,-0.451015539213157,-1.11691228164768,"green",1.57386038589185,0.115519729920371,30.8675205848218,0.00000325791701555871
"SHCOMP","AARSV",0.95,1455,1.70083237728177,2.49831611215031,72,0.0494845360824742,0.00816553849734802,0.927998464693146,1.55651954383836,0.212175554484972,1.56468508233571,0.457333433121905,-0.0507002915998787,-0.195079441802309,-0.461852292222384,"green",0.52022548578842,0.602906424090631,11.162520051412,0.0247969701304805
"SHCOMP","AARSV",0.975,1455,2.20822407141411,3.07362600000664,40,0.0274914089347079,0.359089120361383,0.549012550392176,4.97524008299047,0.0257126348163646,5.33432920335185,0.0694488615922823,-0.15752145142765,-0.279176409053408,-0.67017916099784,"green",0.990331518744394,0.322012105648218,16.6815100151047,0.00222863068959125
"SHCOMP","AARSV",0.99,1455,2.93631183399324,3.9173307534311,17,0.0116838487972509,0.395329380034275,0.529511271479004,1.70693543304333,0.191383465640912,2.1022648130776,0.349541701601606,-0.24893589277833,-0.451015539213157,-1.11691228164768,"green",1.52765623083431,0.126597912646189,30.0027071172988,0.00000488823019855971
"SHCOMP","TSV_RT",0.95,1455,1.70515768623527,2.50012784380761,72,0.0494845360824742,0.00816553849734802,0.927998464693146,1.55651954383836,0.212175554484972,1.56468508233571,0.457333433121905,-0.0537595042327532,-0.195079441802309,-0.461852292222384,"green",0.550895597422085,0.581705245659397,13.032370469455,0.0111187043960621
"SHCOMP","TSV_RT",0.975,1455,2.21209061645984,3.07304479079932,40,0.0274914089347079,0.359089120361383,0.549012550392176,8.15876820628444,0.00428534671927507,8.51785732664582,0.0141374402581189,-0.162836439309598,-0.279176409053408,-0.67017916099784,"green",1.04707934662858,0.295062984034689,19.0389580721335,0.000772212836282498
"SHCOMP","TSV_RT",0.99,1455,2.93788297667219,3.91128145740402,19,0.0130584192439863,1.25398506951582,0.262792713307738,1.34444333909667,0.246251893868452,2.59842840861249,0.272746031506201,-0.36027670902699,-0.451015539213157,-1.11691228164768,"green",1.48949574527277,0.136356872903781,27.3563959438954,0.0000168386333025271
"SHCOMP","STAR_SV",0.95,1414,1.70722754879904,2.50924900462992,71,0.0502121640735502,0.00133819187727902,0.970818849981871,1.55588598767429,0.212268608895968,1.55722417955157,0.459042679412043,-0.0744457203833033,-0.197780348004327,-0.466346737804724,"green",0.82464181084939,0.409574976578944,11.5819572893305,0.020746378385212
"SHCOMP","STAR_SV",0.975,1414,2.21715972304678,3.08799062014276,41,0.028995756718529,0.881627891771417,0.347756200378267,7.50170706244228,0.00616405391699455,8.38333495421369,0.0151210498350386,-0.213567802827412,-0.283968896542635,-0.681523352685403,"green",1.20212789271832,0.229313981096026,17.469777171555,0.00156609128431138
"SHCOMP","STAR_SV",0.99,1414,2.94920304770087,3.93743233332097,19,0.0134370579915134,1.52328250085828,0.21712342805488,1.30049930894378,0.254122039230684,2.82378180980206,0.243682067617551,-0.392351646037785,-0.457999589118469,-1.12590465495407,"green",1.59090123612373,0.111631804343131,29.9509568660556,0.00000500825260895507
"SP500","GARCH",0.95,1509,1.60723293660206,2.32343039473092,123,0.0815109343936382,26.7186244633987,0.000000235342168526797,1.68974224080785,0.193634950987329,28.4083667042065,0.000000677956064923652,-0.683424001931907,-0.191082881524421,-0.450093541409653,"red",5.27559121132482,0.000000132328772710879,12.0982311547863,0.0166355481498818
"SP500","GARCH",0.975,1509,2.06635037761863,2.83795059073995,59,0.0390987408880053,10.5304392617902,0.00117424299459939,1.11881226993654,0.290174346734748,11.6492515317268,0.00295390939928365,-0.659194534448815,-0.274864272074481,-0.656610068651787,"red",4.26106089406396,0.0000203458782498311,4.54471752038131,0.337278020557871
"SP500","GARCH",0.99,1509,2.71625830619439,3.58893027726733,31,0.0205434062292909,12.9872504890058,0.000313619161949254,0.184458600213475,0.667569261574587,13.1717090892192,0.00137974780762734,-1.04976519386,-0.442338783604357,-1.08344923249113,"yellow",3.33478919371536,0.000853640860944487,2.3242460832172,0.676358232885505
"SP500","GJR_R",0.95,1509,1.72314170646114,2.49408832648238,107,0.07090788601723,12.3622635518029,0.000438099212139139,0.287853676770055,0.591599238915343,12.650117228573,0.00179086127740887,-0.479400102629067,-0.191082881524421,-0.450093541409653,"red",3.62594144258828,0.000287910597425493,3.96767516422258,0.410398216523296
"SP500","GJR_R",0.975,1509,2.21336545162983,3.04998385413685,53,0.0351225977468522,5.64584340079656,0.0174967981993753,0.0106268179965241,0.917894352042828,5.65647021879309,0.0591170968622295,-0.491702009811755,-0.274864272074481,-0.656610068651787,"yellow",2.45827137798371,0.0139607634022462,1.08170118433586,0.897164543976368
"SP500","GJR_R",0.99,1509,2.91312404090881,3.86812602546716,23,0.0152418820410868,3.60920560876908,0.0574605606055268,0.834559549132337,0.360957392702374,4.44376515790142,0.108404835943073,-0.667050367879847,-0.442338783604357,-1.08344923249113,"yellow",2.21182216380381,0.0269789550605916,0.414090244263116,0.98130712304651
"SP500","GJR_U",0.95,1509,1.64688759718744,2.3485339814493,111,0.073558648111332,15.494292097888,0.0000827547698816352,0.450213190435534,0.502233731013526,15.9445052883235,0.000344901170544202,-0.585663108369014,-0.191082881524421,-0.450093541409653,"red",4.69361156543491,0.0000026842349253261,4.47255267177968,0.345814440796579
"SP500","GJR_U",0.975,1509,2.10146578243454,2.8501470820801,58,0.0384360503644798,9.62461397955559,0.0019198679811371,0.260876085127222,0.609518910537148,9.88549006468281,0.00713498569941897,-0.675576737065382,-0.274864272074481,-0.656610068651787,"red",3.59778859699001,0.000320934302869887,1.72307972146795,0.786521017986874
"SP500","GJR_U",0.99,1509,2.73794521401379,3.57417305798973,24,0.0159045725646123,4.50628188095705,0.0337705745529144,0.721682523007502,0.395592565105212,5.22796440396455,0.0732422966368636,-0.833804116526754,-0.442338783604357,-1.08344923249113,"yellow",3.20187039710446,0.0013653841339719,0.457797415120635,0.97747721294752
"SP500","APARCH",0.95,1509,1.62496509608514,2.289585891752,113,0.074884029158383,17.1776612567752,0.0000340415968370488,0.308967828944674,0.578314258413295,17.4866290857199,0.00015952426065916,-0.6341073719312,-0.191082881524421,-0.450093541409653,"red",5.24964931278209,0.000000152389037444506,15.559291984958,0.00367129835084014
"SP500","APARCH",0.975,1509,2.06063717668691,2.76210982081595,63,0.0417495029821074,14.5009835353967,0.000140086383771158,0.676270188455305,0.410874037666082,15.177253723852,0.000506175626007608,-0.815059307533425,-0.274864272074481,-0.656610068651787,"red",4.15516556824561,0.000032505207404622,12.9357515299918,0.0115940276049277
"SP500","APARCH",0.99,1509,2.66309310234909,3.43560404466335,26,0.0172299536116634,6.55121200972169,0.0104812737390095,0.525453151644626,0.46852474702821,7.07666516136632,0.0290617448193369,-0.999516961520792,-0.442338783604357,-1.08344923249113,"yellow",3.62160202214028,0.000292784297720107,1.70727195860688,0.789396243173776
"SP500","ARSV",0.95,1509,1.61742150892507,2.29414651597582,115,0.0762094102054341,18.9375612335564,0.0000135067018422432,1.27231145589201,0.259333499851555,20.2098726894484,0.0000408772720600705,-0.605933181264519,-0.191082881524421,-0.450093541409653,"red",4.47211643348158,0.00000774492360748761,21.0274833334475,0.000312720600206738
"SP500","ARSV",0.975,1509,2.07460739676512,2.76888778725437,58,0.0384360503644798,9.62461397955559,0.0019198679811371,1.24882661197853,0.263776706411384,10.8734405915341,0.00435373885666517,-0.672061141131251,-0.274864272074481,-0.656610068651787,"red",4.35190125964542,0.0000134962044826364,16.4762147295804,0.00244240924639665
"SP500","ARSV",0.99,1509,2.69291169598027,3.41903820552819,29,0.0192180251822399,10.1992080956769,0.00140500975685988,0.297243814803892,0.585615482876413,10.4964519104808,0.00525683599417003,-1.04114393170773,-0.442338783604357,-1.08344923249113,"yellow",3.96247473030047,0.0000741768603143609,20.3946958515406,0.000417314272953946
"SP500","AARSV",0.95,1509,1.60534133581187,2.22717492900313,112,0.0742213386348575,16.3263321675946,0.0000533178943455025,0.929715880321282,0.334936764281136,17.2560480479159,0.000179018031249749,-0.610658258901688,-0.191082881524421,-0.450093541409653,"red",4.98358278254168,0.000000624175911897708,11.9305099532372,0.0178755617953708
"SP500","AARSV",0.975,1509,2.02929692392913,2.6612158507321,63,0.0417495029821074,14.5009835353967,0.000140086383771158,0.0538145178646801,0.816553886861828,14.5547980532614,0.000690980450204606,-0.802774959640125,-0.274864272074481,-0.656610068651787,"red",4.16496253044292,0.0000311403703510223,9.03717647954486,0.0601769334209913
"SP500","AARSV",0.99,1509,2.59490375557145,3.25025905374578,25,0.0165672630881378,5.48806241734174,0.0191467507839395,0.618838734648563,0.431479146985219,6.10690115199031,0.0471957904383937,-0.931958599062627,-0.442338783604357,-1.08344923249113,"yellow",4.0224356949296,0.000057599382786228,1.3990979893406,0.844351775117337
"SP500","TSV_RT",0.95,1509,1.62571677512853,2.24259593256279,111,0.073558648111332,15.494292097888,0.0000827547698816352,1.04644008386754,0.306328394450844,16.5407321817555,0.000255991557926578,-0.585811635353495,-0.191082881524421,-0.450093541409653,"red",4.62905563786467,0.00000367337072186872,22.0890313185415,0.000192405345866681
"SP500","TSV_RT",0.975,1509,2.05005829086221,2.67123108285107,59,0.0390987408880053,10.5304392617902,0.00117424299459939,1.11881226993654,0.290174346734748,11.6492515317268,0.00295390939928365,-0.729938132934727,-0.274864272074481,-0.656610068651787,"red",4.96458280431946,0.000000688489073391461,22.9313571057498,0.000130687784905205
"SP500","TSV_RT",0.99,1509,2.61064553351479,3.24653333787195,29,0.0192180251822399,10.1992080956769,0.00140500975685988,2.37401445326452,0.123369434419163,12.5732225489414,0.00186105588080928,-1.11149738959835,-0.442338783604357,-1.08344923249113,"red",4.66568217670971,0.0000030759483157593,10.5573695891725,0.0320158475237768
"SP500","STAR_SV",0.95,1509,1.60053557629878,2.25655041988456,114,0.0755467196819085,18.048122356903,0.0000215390964308189,0.248515890408271,0.618122028626475,18.2966382473113,0.000106398495238118,-0.60067138753596,-0.191082881524421,-0.450093541409653,"red",4.6474082111734,0.00000336131580952119,7.84019353736595,0.0976106600268573
"SP500","STAR_SV",0.975,1509,2.03454121374435,2.72108163344523,60,0.0397614314115308,11.471543782766,0.000706699514764075,0.0718288419930673,0.788692365365524,11.5433726247591,0.00311450106170374,-0.702382114005206,-0.274864272074481,-0.656610068651787,"red",3.78522647342357,0.000153568661341183,4.27193429377692,0.370452695235282
"SP500","STAR_SV",0.99,1509,2.63053281359952,3.37547034894043,27,0.0178926441351889,7.69265227328042,0.00554460862876287,0.441017836392405,0.506631597792949,8.13367010967282,0.0171315231270111,-0.954397631686506,-0.442338783604357,-1.08344923249113,"yellow",3.31212051427419,0.000925916499474753,1.05322168385778,0.901621293063622
