"market","model","n","mean_lpds","mean_crps"
"DAX","GARCH",1523,-1.46625563975575,0.62602491835521
"DAX","GJR_R",1523,-1.45334215574983,0.623112250762392
"DAX","GJR_U",1523,-1.45173856301287,0.622680497346618
"DAX","APARCH",1523,-1.44639765150717,0.621708882943683
"DAX","ARSV",1523,-1.4677140501637,0.626549399807462
"DAX","AARSV",1523,-1.44741873972927,0.62215608484914
"DAX","TSV_RT",1523,-1.45774672754909,0.624619773933538
"DAX","STAR_SV",1523,-1.44958271475823,0.622900928452791
"FTSE","GARCH",1513,-1.27708915954319,0.520204949345167
"FTSE","GJR_R",1513,-1.27263339455021,0.520158317048058
"FTSE","GJR_U",1513,-1.27063642621207,0.519278770771952
"FTSE","APARCH",1513,-1.26727508904947,0.518892214058198
"FTSE","ARSV",1513,-1.28235327268756,0.52154818102127
"FTSE","AARSV",1513,-1.27038380504815,0.519708498863455
"FTSE","TSV_RT",1513,-1.27370883268536,0.520555465956184
"FTSE","STAR_SV",1513,-1.27073225624137,0.520380866386854
"NIKKEI","GARCH",1464,-1.54258157920579,0.647769219994132
"NIKKEI","GJR_R",1464,-1.53361452605933,0.645554306023378
"NIKKEI","GJR_U",1464,-1.52876609892655,0.644837968560611
"NIKKEI","APARCH",1464,-1.52530757610687,0.644233836162861
"NIKKEI","ARSV",1464,-1.54147952807053,0.648055296642099
"NIKKEI","AARSV",1464,-1.52358824377099,0.644064666111087
"NIKKEI","TSV_RT",1464,-1.53176010491553,0.645700398307211
"NIKKEI","STAR_SV",1464,-1.52466474319395,0.644398447768091
"SHCOMP","GARCH",1414,-1.42674695291743,0.577263288782986
"SHCOMP","GJR_R",1414,-1.4273354321727,0.577333054170695
"SHCOMP","GJR_U",1414,-1.42674782343818,0.577209762616072
"SHCOMP","APARCH",1414,-1.42755456556323,0.577307553315046
"SHCOMP","ARSV",1414,-1.42971637932068,0.577972996695149
"SHCOMP","AARSV",1414,-1.42843804469326,0.577546242845384
"SHCOMP","TSV_RT",1414,-1.4295102992157,0.577743644535465
"SHCOMP","STAR_SV",1414,-1.42949010469948,0.577762445910132
"SP500","GARCH",1509,-1.40701449896092,0.615165569789864
"SP500","GJR_R",1509,-1.39675383300993,0.612600932354467
"SP500","GJR_U",1509,-1.39749376704957,0.612700690920116
"SP500","APARCH",1509,-1.39231522657473,0.611115719460584
"SP500","ARSV",1509,-1.41278817599732,0.617999508990132
"SP500","AARSV",1509,-1.39412375753096,0.614125419041693
"SP500","TSV_RT",1509,-1.39554703261664,0.614391839077213
"SP500","STAR_SV",1509,-1.39572406462748,0.614430050357384
