"market","model","date","refit_month","reason"
"SHCOMP","STAR_SV","2018-09-03","2018-09","forecast_unavailable"
"SHCOMP","STAR_SV","2018-09-04","2018-09","forecast_unavailable"
"SHCOMP","STAR_SV","2018-09-05","2018-09","forecast_unavailable"
"SHCOMP","STAR_SV","2018-09-06","2018-09","forecast_unavailable"
"SHCOMP","STAR_SV","2018-09-07","2018-09","forecast_unavailable"
"SHCOMP","STAR_SV","2018-09-10","2018-09","forecast_unavailable"
"SHCOMP","STAR_SV","2018-09-11","2018-09","forecast_unavailable"
"SHCOMP","STAR_SV","2018-09-12","2018-09","forecast_unavailable"
"SHCOMP","STAR_SV","2018-09-13","2018-09","forecast_unavailable"
"SHCOMP","STAR_SV","2018-09-14","2018-09","forecast_unavailable"
"SHCOMP","STAR_SV","2018-09-17","2018-09","forecast_unavailable"
"SHCOMP","STAR_SV","2018-09-18","2018-09","forecast_unavailable"
"SHCOMP","STAR_SV","2018-09-19","2018-09","forecast_unavailable"
"SHCOMP","STAR_SV","2018-09-20","2018-09","forecast_unavailable"
"SHCOMP","STAR_SV","2018-09-21","2018-09","forecast_unavailable"
"SHCOMP","STAR_SV","2018-09-25","2018-09","forecast_unavailable"
"SHCOMP","STAR_SV","2018-09-26","2018-09","forecast_unavailable"
"SHCOMP","STAR_SV","2018-09-27","2018-09","forecast_unavailable"
"SHCOMP","STAR_SV","2018-09-28","2018-09","forecast_unavailable"
"SHCOMP","STAR_SV","2023-11-01","2023-11","forecast_unavailable"
"SHCOMP","STAR_SV","2023-11-02","2023-11","forecast_unavailable"
"SHCOMP","STAR_SV","2023-11-03","2023-11","forecast_unavailable"
"SHCOMP","STAR_SV","2023-11-06","2023-11","forecast_unavailable"
"SHCOMP","STAR_SV","2023-11-07","2023-11","forecast_unavailable"
"SHCOMP","STAR_SV","2023-11-08","2023-11","forecast_unavailable"
"SHCOMP","STAR_SV","2023-11-09","2023-11","forecast_unavailable"
"SHCOMP","STAR_SV","2023-11-10","2023-11","forecast_unavailable"
"SHCOMP","STAR_SV","2023-11-13","2023-11","forecast_unavailable"
"SHCOMP","STAR_SV","2023-11-14","2023-11","forecast_unavailable"
"SHCOMP","STAR_SV","2023-11-15","2023-11","forecast_unavailable"
"SHCOMP","STAR_SV","2023-11-16","2023-11","forecast_unavailable"
"SHCOMP","STAR_SV","2023-11-17","2023-11","forecast_unavailable"
"SHCOMP","STAR_SV","2023-11-20","2023-11","forecast_unavailable"
"SHCOMP","STAR_SV","2023-11-21","2023-11","forecast_unavailable"
"SHCOMP","STAR_SV","2023-11-22","2023-11","forecast_unavailable"
"SHCOMP","STAR_SV","2023-11-23","2023-11","forecast_unavailable"
"SHCOMP","STAR_SV","2023-11-24","2023-11","forecast_unavailable"
"SHCOMP","STAR_SV","2023-11-27","2023-11","forecast_unavailable"
"SHCOMP","STAR_SV","2023-11-28","2023-11","forecast_unavailable"
"SHCOMP","STAR_SV","2023-11-29","2023-11","forecast_unavailable"
"SHCOMP","STAR_SV","2023-11-30","2023-11","forecast_unavailable"
