"market","model","benchmark","contrast_id","confidence","n","mean_fz0_difference","hac_lag","hac_se","ci_lower_95","ci_upper_95","hac_statistic","raw_two_sided_p_value","holm_adjusted_p_value","fraction_days_better","primary_test","outcome"
"DAX","GJR_R","GARCH","GJR_R_MINUS_GARCH",0.95,1523,-0.0565052158128485,7,0.0254974509859527,-0.106480219745316,-0.00653021188038123,-2.21611234173875,0.0266838092140875,,0.391332895600788,FALSE,
"DAX","GJR_R","GARCH","GJR_R_MINUS_GARCH",0.975,1523,-0.0515175328819039,7,0.0355145814587051,-0.121126112540966,0.0180910467771582,-1.45060228125753,0.146890639711569,,0.371634931057124,FALSE,
"DAX","GJR_R","GARCH","GJR_R_MINUS_GARCH",0.99,1523,-0.0663924929305529,7,0.0595731632495725,-0.183155892899715,0.0503709070386091,-1.11446982683145,0.265077681870761,,0.334865397242285,FALSE,
"DAX","GJR_U","GARCH","GJR_U_MINUS_GARCH",0.95,1523,-0.0545433322558603,7,0.0223056330027534,-0.098262372941257,-0.0108242915704635,-2.44527166071133,0.0144743070512656,,0.437951411687459,FALSE,
"DAX","GJR_U","GARCH","GJR_U_MINUS_GARCH",0.975,1523,-0.051968100746708,7,0.0312460298010271,-0.113210319156721,0.00927411766330509,-1.66319052620886,0.0962743034302422,,0.441891004596192,FALSE,
"DAX","GJR_U","GARCH","GJR_U_MINUS_GARCH",0.99,1523,-0.057155755203152,7,0.0518140988043764,-0.15871138885973,0.0443998784534257,-1.10309272036059,0.269986901823698,,0.443204202232436,FALSE,
"DAX","APARCH","GARCH","APARCH_MINUS_GARCH",0.95,1523,-0.0711105351790844,7,0.0238590215840643,-0.11787421748385,-0.0243468528743183,-2.9804464080195,0.00287828596609935,,0.474064346684176,FALSE,
"DAX","APARCH","GARCH","APARCH_MINUS_GARCH",0.975,1523,-0.0734416879322859,7,0.0308953932798925,-0.133996658760875,-0.0128867171036966,-2.37710804542772,0.0174489762459113,,0.481286933683519,FALSE,
"DAX","APARCH","GARCH","APARCH_MINUS_GARCH",0.99,1523,-0.0939415769670767,7,0.0451358087831306,-0.182407762182013,-0.00547539175214075,-2.08130926419086,0.0374056077426666,,0.493105712409718,FALSE,
"DAX","AARSV","ARSV","AARSV_MINUS_ARSV",0.95,1523,-0.0678854824261188,7,0.0277435735840953,-0.122262886650946,-0.013508078201292,-2.44689034815024,0.0144094669714255,,0.487196323046619,FALSE,
"DAX","AARSV","ARSV","AARSV_MINUS_ARSV",0.975,1523,-0.072109928833338,7,0.0378701660602988,-0.146335454311524,0.0021155966448476,-1.90413553292903,0.0568925350569719,,0.504267892317794,FALSE,
"DAX","AARSV","ARSV","AARSV_MINUS_ARSV",0.99,1523,-0.122536068160948,7,0.0592528023801319,-0.238671560826006,-0.00640057549588911,-2.06802148149596,0.0386380031608364,,0.510177281680893,FALSE,
"DAX","TSV_RT","ARSV","TSV_RT_MINUS_ARSV",0.95,1523,-0.0508006613543622,7,0.0212205940933327,-0.0923930257772943,-0.00920829693143006,-2.39393209874003,0.0166688343307135,,0.4629021667761,FALSE,
"DAX","TSV_RT","ARSV","TSV_RT_MINUS_ARSV",0.975,1523,-0.0761060191646395,7,0.0295939700852274,-0.134110200531685,-0.0181018377975939,-2.57167318022768,0.0101208382642629,,0.485883125410374,FALSE,
"DAX","TSV_RT","ARSV","TSV_RT_MINUS_ARSV",0.99,1523,-0.129795204305028,7,0.0435024076339165,-0.215059923267504,-0.0445304853425512,-2.98363266229507,0.00284848522122677,,0.493105712409718,FALSE,
"DAX","STAR_SV","ARSV","STAR_SV_MINUS_ARSV",0.95,1523,-0.0751233757930253,7,0.0267402465592505,-0.127534259049156,-0.0227124925368944,-2.80937483603857,0.00496378161356299,,0.474064346684176,FALSE,
"DAX","STAR_SV","ARSV","STAR_SV_MINUS_ARSV",0.975,1523,-0.0868628454270032,7,0.0371735122415003,-0.159722929420344,-0.0140027614336626,-2.33668653267662,0.0194554893057921,,0.476690741956664,FALSE,
"DAX","STAR_SV","ARSV","STAR_SV_MINUS_ARSV",0.99,1523,-0.142117186076206,7,0.0630079338871419,-0.265612736495004,-0.0186216356574075,-2.25554429908402,0.024099184971007,,0.464871963230466,FALSE,
"FTSE","GJR_R","GARCH","GJR_R_MINUS_GARCH",0.95,1513,-0.0407198909909411,7,0.0255248453741087,-0.0907485879241942,0.00930880594231197,-1.59530412012782,0.110644244714129,,0.34699272967614,FALSE,
"FTSE","GJR_R","GARCH","GJR_R_MINUS_GARCH",0.975,1513,-0.0624936384674271,7,0.036621742198787,-0.13427225317705,0.00928497624219544,-1.70646273812438,0.0879219582539743,,0.340383344348976,FALSE,
"FTSE","GJR_R","GARCH","GJR_R_MINUS_GARCH",0.99,1513,-0.0617714282229142,7,0.061114756036949,-0.181556350055334,0.0580134936095059,-1.0107449039896,0.312138539156817,,0.323198942498348,FALSE,
"FTSE","GJR_U","GARCH","GJR_U_MINUS_GARCH",0.95,1513,-0.0309295603761433,7,0.020564514011502,-0.0712360078386872,0.00937688708640055,-1.50402583590568,0.132574714545708,,0.440185062789161,FALSE,
"FTSE","GJR_U","GARCH","GJR_U_MINUS_GARCH",0.975,1513,-0.0432476686225537,7,0.029270958625116,-0.100618747527781,0.0141234102826737,-1.47749409838067,0.139543239098625,,0.46265697290152,FALSE,
"FTSE","GJR_U","GARCH","GJR_U_MINUS_GARCH",0.99,1513,-0.0354170795888623,7,0.0499632957589643,-0.133345139276432,0.0625109800987077,-0.708861956579553,0.478410145354918,,0.497025776602776,FALSE,
"FTSE","APARCH","GARCH","APARCH_MINUS_GARCH",0.95,1513,-0.0439762727719029,7,0.0216653564063737,-0.0864403713283954,-0.00151217421541044,-2.02979687696093,0.0423771905532367,,0.513549239920687,FALSE,
"FTSE","APARCH","GARCH","APARCH_MINUS_GARCH",0.975,1513,-0.0538851891495189,7,0.0300091359660771,-0.11270309564303,0.0049327173439922,-1.7956261456655,0.0725539947988953,,0.547918043621943,FALSE,
"FTSE","APARCH","GARCH","APARCH_MINUS_GARCH",0.99,1513,-0.0355900504666635,7,0.047899971038224,-0.129473993701582,0.0582938927682555,-0.743007765876576,0.457476978747903,,0.599471249173827,FALSE,
"FTSE","AARSV","ARSV","AARSV_MINUS_ARSV",0.95,1513,-0.0414026447180682,7,0.0250412366885307,-0.0904834686275884,0.0076781791914519,-1.65337859439791,0.0982538365172523,,0.49636483807006,FALSE,
"FTSE","AARSV","ARSV","AARSV_MINUS_ARSV",0.975,1513,-0.0424087128094421,7,0.0366422430412476,-0.114227509170287,0.0294100835514032,-1.15737218274829,0.247120334005011,,0.518175809649703,FALSE,
"FTSE","AARSV","ARSV","AARSV_MINUS_ARSV",0.99,1513,-0.0421759104425732,7,0.0612967824375721,-0.162317604020214,0.0779657831350681,-0.688060755644513,0.491414522486239,,0.549900859220093,FALSE,
"FTSE","TSV_RT","ARSV","TSV_RT_MINUS_ARSV",0.95,1513,-0.0510089778892037,7,0.018167770586075,-0.0866178082379108,-0.0154001475404967,-2.80766303424706,0.00499024129072955,,0.530733641771315,FALSE,
"FTSE","TSV_RT","ARSV","TSV_RT_MINUS_ARSV",0.975,1513,-0.060356078218536,7,0.0267072667967374,-0.112702321140141,-0.00800983529693083,-2.25991220583865,0.0238267002226164,,0.552544613350958,FALSE,
"FTSE","TSV_RT","ARSV","TSV_RT_MINUS_ARSV",0.99,1513,-0.0961129348480365,7,0.0494476898481861,-0.193030406950481,0.000804537254408211,-1.94372952797434,0.051928075882747,,0.585591539986781,FALSE,
"FTSE","STAR_SV","ARSV","STAR_SV_MINUS_ARSV",0.95,1513,-0.0479143162138716,7,0.025712024357277,-0.0983098839541346,0.00248125152639143,-1.86349839857362,0.0623921776411155,,0.487772637144746,FALSE,
"FTSE","STAR_SV","ARSV","STAR_SV_MINUS_ARSV",0.975,1513,-0.0622012572150948,7,0.0377122617088714,-0.136117290164483,0.0117147757342932,-1.64936427561073,0.0990730288901564,,0.514210178453404,FALSE,
"FTSE","STAR_SV","ARSV","STAR_SV_MINUS_ARSV",0.99,1513,-0.0894341813528002,7,0.0626987433494643,-0.21232371831775,0.0334553556121498,-1.42641106623653,0.153749721250247,,0.528750826173166,FALSE,
"NIKKEI","GJR_R","GARCH","GJR_R_MINUS_GARCH",0.95,1464,-0.0318119694648904,7,0.0200167103302857,-0.0710447217122504,0.00742078278246967,-1.58927061140302,0.111999310723048,,0.41120218579235,FALSE,
"NIKKEI","GJR_R","GARCH","GJR_R_MINUS_GARCH",0.975,1464,-0.0346403453011978,7,0.024432908188909,-0.0825288453514595,0.0132481547490639,-1.41777413615143,0.156256717560138,,0.391393442622951,FALSE,
"NIKKEI","GJR_R","GARCH","GJR_R_MINUS_GARCH",0.99,1464,0.00638812207148691,7,0.0341011232549453,-0.0604500795082059,0.0732263236511798,0.187328787492667,0.851402853331164,,0.35792349726776,FALSE,
"NIKKEI","GJR_U","GARCH","GJR_U_MINUS_GARCH",0.95,1464,-0.0409694186420125,7,0.0179203130012104,-0.0760932321243848,-0.00584560515964019,-2.28619994746997,0.0222425638469842,,0.478142076502732,FALSE,
"NIKKEI","GJR_U","GARCH","GJR_U_MINUS_GARCH",0.975,1464,-0.0483862936397998,7,0.021712359890818,-0.0909425190258031,-0.0058300682537966,-2.22851379965667,0.025846272154198,,0.495901639344262,FALSE,
"NIKKEI","GJR_U","GARCH","GJR_U_MINUS_GARCH",0.99,1464,-0.00912364149317624,7,0.0328430764163411,-0.0734960712692048,0.0552487882828523,-0.277794971991015,0.781169751103821,,0.51707650273224,FALSE,
"NIKKEI","APARCH","GARCH","APARCH_MINUS_GARCH",0.95,1464,-0.0661400639490085,7,0.0244293121815916,-0.114021515824928,-0.018258612073089,-2.70740590063962,0.00678112915983119,,0.461065573770492,FALSE,
"NIKKEI","APARCH","GARCH","APARCH_MINUS_GARCH",0.975,1464,-0.0657906465492256,7,0.0324136206360749,-0.129321342995932,-0.00225995010251882,-2.02972223584315,0.042384781362832,,0.478825136612022,FALSE,
"NIKKEI","APARCH","GARCH","APARCH_MINUS_GARCH",0.99,1464,-0.0314905067730541,7,0.0470102484504325,-0.123630593735902,0.0606495801897936,-0.669864716972462,0.502944033548995,,0.497950819672131,FALSE,
"NIKKEI","AARSV","ARSV","AARSV_MINUS_ARSV",0.95,1464,-0.0565636452434197,7,0.0234633813480431,-0.102551872685584,-0.0105754178012551,-2.41072010910896,0.0159210612513906,,0.487704918032787,FALSE,
"NIKKEI","AARSV","ARSV","AARSV_MINUS_ARSV",0.975,1464,-0.0650171605508412,7,0.0301629627769815,-0.124136567593725,-0.00589775350795749,-2.1555296484488,0.0311204111084918,,0.511612021857924,FALSE,
"NIKKEI","AARSV","ARSV","AARSV_MINUS_ARSV",0.99,1464,-0.0312921982330527,7,0.0371991680213765,-0.104202567554951,0.0416181710888453,-0.841206938151698,0.400232014323849,,0.543032786885246,FALSE,
"NIKKEI","TSV_RT","ARSV","TSV_RT_MINUS_ARSV",0.95,1464,-0.0278222325203313,7,0.0201915157729111,-0.0673976034352371,0.0117531383945745,-1.3779169842047,0.168228920480125,,0.474726775956284,FALSE,
"NIKKEI","TSV_RT","ARSV","TSV_RT_MINUS_ARSV",0.975,1464,-0.0207200735534854,7,0.028662695142812,-0.076898956033397,0.0354588089264262,-0.722893414253179,0.469745369946622,,0.484289617486339,FALSE,
"NIKKEI","TSV_RT","ARSV","TSV_RT_MINUS_ARSV",0.99,1464,-0.00381693062785928,7,0.0392422764867812,-0.0807317925419504,0.0730979312862319,-0.0972657799081817,0.922515330789485,,0.525273224043716,FALSE,
"NIKKEI","STAR_SV","ARSV","STAR_SV_MINUS_ARSV",0.95,1464,-0.0549421377503411,7,0.0207085708440557,-0.0955309366046902,-0.014353338895992,-2.65311103137337,0.00797536316531023,,0.496584699453552,FALSE,
"NIKKEI","STAR_SV","ARSV","STAR_SV_MINUS_ARSV",0.975,1464,-0.065283940785538,7,0.0272742388997142,-0.118741449028978,-0.011826432542098,-2.39361182636785,0.0166833947721397,,0.515027322404372,FALSE,
"NIKKEI","STAR_SV","ARSV","STAR_SV_MINUS_ARSV",0.99,1464,-0.036145054048389,7,0.035068805093226,-0.104879912031112,0.0325898039343339,-1.03068963862048,0.302686385201542,,0.523907103825137,FALSE,
"SHCOMP","GJR_R","GARCH","GJR_R_MINUS_GARCH",0.95,1414,-0.00529993198680419,7,0.00475199747567519,-0.0146138470391276,0.00401398306551919,-1.11530614524393,0.264719252918266,,0.137199434229137,FALSE,
"SHCOMP","GJR_R","GARCH","GJR_R_MINUS_GARCH",0.975,1414,-0.00663674207920355,7,0.00803097710254804,-0.0223774572001977,0.00910397304179061,-0.826392852881857,0.408581276419302,,0.0848656294200849,FALSE,
"SHCOMP","GJR_R","GARCH","GJR_R_MINUS_GARCH",0.99,1414,-0.0119438480230386,7,0.0151492360990464,-0.0416363507771695,0.0177486547310923,-0.788412560537651,0.430455426139011,,0.0452616690240453,FALSE,
"SHCOMP","GJR_U","GARCH","GJR_U_MINUS_GARCH",0.95,1414,-0.000130773246412916,7,0.00231543787451309,-0.00466903148045858,0.00440748498763274,-0.0564788405045918,0.954960351445868,,0.391089108910891,FALSE,
"SHCOMP","GJR_U","GARCH","GJR_U_MINUS_GARCH",0.975,1414,0.00210407270308254,7,0.0032599129058424,-0.00428535659236856,0.00849350199853365,0.645438318094828,0.518643178492002,,0.366336633663366,FALSE,
"SHCOMP","GJR_U","GARCH","GJR_U_MINUS_GARCH",0.99,1414,0.00138297983927207,7,0.00584875436690065,-0.0100805787198532,0.0128465383983973,0.236457158655635,0.813077947187514,,0.336633663366337,FALSE,
"SHCOMP","APARCH","GARCH","APARCH_MINUS_GARCH",0.95,1414,-0.00025119795862759,7,0.00721656411631348,-0.014395663626602,0.0138932677093468,-0.0348085258550868,0.972232422103587,,0.325318246110325,FALSE,
"SHCOMP","APARCH","GARCH","APARCH_MINUS_GARCH",0.975,1414,0.00872214469151486,7,0.0104971299399875,-0.0118522299908607,0.0292965193738904,0.830907566294757,0.406025848975292,,0.288543140028289,FALSE,
"SHCOMP","APARCH","GARCH","APARCH_MINUS_GARCH",0.99,1414,0.00846507045725963,7,0.0182217632605202,-0.02724958553336,0.0441797264478793,0.464558250276486,0.64224783605195,,0.253889674681754,FALSE,
"SHCOMP","AARSV","ARSV","AARSV_MINUS_ARSV",0.95,1414,-0.00373499831114912,7,0.00494322154691045,-0.0134237125430936,0.00595371592079537,-0.755579792591639,0.449901175241296,,0.441301272984441,FALSE,
"SHCOMP","AARSV","ARSV","AARSV_MINUS_ARSV",0.975,1414,-0.00471090565055232,7,0.00746745385250372,-0.0193471152014596,0.00992530390035498,-0.630858354614783,0.528133143916238,,0.431400282885431,FALSE,
"SHCOMP","AARSV","ARSV","AARSV_MINUS_ARSV",0.99,1414,-0.0062326953066451,7,0.0122691168580737,-0.0302801643484695,0.0178147737351793,-0.507998691245955,0.611454261039031,,0.427864214992928,FALSE,
"SHCOMP","TSV_RT","ARSV","TSV_RT_MINUS_ARSV",0.95,1414,-0.000361249263046237,7,0.00341130939900193,-0.00704741568509002,0.00632491715899755,-0.10589753692583,0.915663648328894,,0.413012729844413,FALSE,
"SHCOMP","TSV_RT","ARSV","TSV_RT_MINUS_ARSV",0.975,1414,-0.000434760582221466,7,0.00508898275325156,-0.0104091667785945,0.0095396456141516,-0.0854317263983021,0.931918171336315,,0.412305516265912,FALSE,
"SHCOMP","TSV_RT","ARSV","TSV_RT_MINUS_ARSV",0.99,1414,-0.000631704738174883,7,0.00873556683070266,-0.0177534157263521,0.0164900062500023,-0.0723141097100473,0.942351936169868,,0.42008486562942,FALSE,
"SHCOMP","STAR_SV","ARSV","STAR_SV_MINUS_ARSV",0.95,1414,0.000111671108664169,7,0.0021813434722161,-0.00416376209687938,0.00438710431420772,0.0511937299588673,0.959171148063192,,0.212164073550212,FALSE,
"SHCOMP","STAR_SV","ARSV","STAR_SV_MINUS_ARSV",0.975,1414,-0.00154917949228122,7,0.00333901701663563,-0.00809365284488704,0.00499529386032461,-0.463962742496641,0.642674439199662,,0.190947666195191,FALSE,
"SHCOMP","STAR_SV","ARSV","STAR_SV_MINUS_ARSV",0.99,1414,-0.00398249237803093,7,0.00521750074095079,-0.0142087938302945,0.00624380907423263,-0.763295028743051,0.445287466180733,,0.178925035360679,FALSE,
"SP500","GJR_R","GARCH","GJR_R_MINUS_GARCH",0.95,1509,-0.032729537559952,7,0.0364234671741886,-0.104119533221362,0.0386604581014576,-0.898583800477559,0.368874390552717,,0.474486414844268,FALSE,
"SP500","GJR_R","GARCH","GJR_R_MINUS_GARCH",0.975,1509,-0.0258536914877684,7,0.0557159230802397,-0.135056900725038,0.0833495177495014,-0.464026979334705,0.642628416263728,,0.465871438038436,FALSE,
"SP500","GJR_R","GARCH","GJR_R_MINUS_GARCH",0.99,1509,0.0435766137508919,7,0.102820391261458,-0.157951353121565,0.245104580623349,0.423812953989668,0.671702230092104,,0.452617627567926,FALSE,
"SP500","GJR_U","GARCH","GJR_U_MINUS_GARCH",0.95,1509,-0.0144320734891355,7,0.036099083266831,-0.0851862766921243,0.0563221297138534,-0.399790581452136,0.689310768434773,,0.524188204108681,FALSE,
"SP500","GJR_U","GARCH","GJR_U_MINUS_GARCH",0.975,1509,0.00228785367930516,7,0.0575648190473339,-0.110539191653469,0.11511489901208,0.0397439567633127,0.968297256913882,,0.530152418820411,FALSE,
"SP500","GJR_U","GARCH","GJR_U_MINUS_GARCH",0.99,1509,0.087287952045854,7,0.110996947760296,-0.130266065564326,0.304841969656034,0.786399570503122,0.431633435018865,,0.540092776673294,FALSE,
"SP500","APARCH","GARCH","APARCH_MINUS_GARCH",0.95,1509,-0.00544890086097495,7,0.0440897722768838,-0.0918648545236672,0.0809670528017173,-0.123586504977977,0.901642678031856,,0.524188204108681,FALSE,
"SP500","APARCH","GARCH","APARCH_MINUS_GARCH",0.975,1509,0.0125313343997476,7,0.0699762456525443,-0.124622107079239,0.149684775878734,0.179079833204683,0.857875016797958,,0.533465871438038,FALSE,
"SP500","APARCH","GARCH","APARCH_MINUS_GARCH",0.99,1509,0.111507207632348,7,0.136576475756847,-0.156182684851073,0.379197100115769,0.816445196835133,0.414245555620839,,0.565937707090789,FALSE,
"SP500","AARSV","ARSV","AARSV_MINUS_ARSV",0.95,1509,-0.0377629120431587,7,0.0374690012985348,-0.111202154588287,0.0356763305019696,-1.00784410404436,0.31352930908384,,0.565275016567263,FALSE,
"SP500","AARSV","ARSV","AARSV_MINUS_ARSV",0.975,1509,-0.0479748466490943,7,0.056981662849731,-0.159658905834567,0.0637092125363785,-0.84193483043152,0.399824432815062,,0.590457256461233,FALSE,
"SP500","AARSV","ARSV","AARSV_MINUS_ARSV",0.99,1509,0.0086081666433307,7,0.104721513245366,-0.196645999317587,0.213862332604248,0.0822005562807469,0.93448723109611,,0.616302186878728,FALSE,
"SP500","TSV_RT","ARSV","TSV_RT_MINUS_ARSV",0.95,1509,-0.0413836847418312,7,0.0282658044857936,-0.0967846615339867,0.0140172920503243,-1.46409010798297,0.143169329717423,,0.571239231278993,FALSE,
"SP500","TSV_RT","ARSV","TSV_RT_MINUS_ARSV",0.975,1509,-0.0364686218564166,7,0.0410030553544608,-0.11683461035116,0.0438973666383265,-0.88941230211151,0.37378153580374,,0.597746852220013,FALSE,
"SP500","TSV_RT","ARSV","TSV_RT_MINUS_ARSV",0.99,1509,-0.0279836502107604,7,0.0713258447869642,-0.16778230599321,0.111815005571689,-0.392335349049729,0.694810448278553,,0.637508283631544,FALSE,
"SP500","STAR_SV","ARSV","STAR_SV_MINUS_ARSV",0.95,1509,-0.0370438919796892,7,0.0354527016126148,-0.106531187140414,0.0324434031810358,-1.04488206242957,0.296077481104486,,0.562624254473161,FALSE,
"SP500","STAR_SV","ARSV","STAR_SV_MINUS_ARSV",0.975,1509,-0.0486785722790045,7,0.0554791043237518,-0.157417616753558,0.060060472195549,-0.877421740533835,0.380257608882475,,0.58648111332008,FALSE,
"SP500","STAR_SV","ARSV","STAR_SV_MINUS_ARSV",0.99,1509,-0.0138931124719817,7,0.102394933676956,-0.214587182478816,0.186800957534853,-0.135681639443342,0.892072963080362,,0.59377070907886,FALSE,
