"confidence","contrast_order","contrast_id","display_text","market","market_order","n","mean_fz0_difference","hac_se","ci_lower_95","ci_upper_95","hac_p_value","fraction_days_better","direction","nominal_hac_evidence_5pct"
0.95,1,"GJR_R_MINUS_GARCH","GJR-R minus GARCH","DAX",1,1523,-0.0565052158128485,0.0254974509859527,-0.106480219745316,-0.00653021188038123,0.0266838092140875,0.391332895600788,"first_model_favoured",TRUE
0.95,1,"GJR_R_MINUS_GARCH","GJR-R minus GARCH","FTSE",2,1513,-0.0407198909909411,0.0255248453741087,-0.0907485879241942,0.00930880594231197,0.110644244714129,0.34699272967614,"first_model_favoured",FALSE
0.95,1,"GJR_R_MINUS_GARCH","GJR-R minus GARCH","NIKKEI",3,1464,-0.0318119694648904,0.0200167103302857,-0.0710447217122504,0.00742078278246967,0.111999310723048,0.41120218579235,"first_model_favoured",FALSE
0.95,1,"GJR_R_MINUS_GARCH","GJR-R minus GARCH","SHCOMP",4,1414,-0.00529993198680419,0.00475199747567519,-0.0146138470391276,0.00401398306551919,0.264719252918266,0.137199434229137,"first_model_favoured",FALSE
0.95,1,"GJR_R_MINUS_GARCH","GJR-R minus GARCH","SP500",5,1509,-0.032729537559952,0.0364234671741886,-0.104119533221362,0.0386604581014576,0.368874390552717,0.474486414844268,"first_model_favoured",FALSE
0.95,2,"GJR_U_MINUS_GARCH","GJR-U minus GARCH","DAX",1,1523,-0.0545433322558603,0.0223056330027534,-0.098262372941257,-0.0108242915704635,0.0144743070512656,0.437951411687459,"first_model_favoured",TRUE
0.95,2,"GJR_U_MINUS_GARCH","GJR-U minus GARCH","FTSE",2,1513,-0.0309295603761433,0.020564514011502,-0.0712360078386872,0.00937688708640055,0.132574714545708,0.440185062789161,"first_model_favoured",FALSE
0.95,2,"GJR_U_MINUS_GARCH","GJR-U minus GARCH","NIKKEI",3,1464,-0.0409694186420125,0.0179203130012104,-0.0760932321243848,-0.00584560515964019,0.0222425638469842,0.478142076502732,"first_model_favoured",TRUE
0.95,2,"GJR_U_MINUS_GARCH","GJR-U minus GARCH","SHCOMP",4,1414,-0.000130773246412916,0.00231543787451309,-0.00466903148045858,0.00440748498763274,0.954960351445868,0.391089108910891,"first_model_favoured",FALSE
0.95,2,"GJR_U_MINUS_GARCH","GJR-U minus GARCH","SP500",5,1509,-0.0144320734891355,0.036099083266831,-0.0851862766921243,0.0563221297138534,0.689310768434773,0.524188204108681,"first_model_favoured",FALSE
0.95,3,"APARCH_MINUS_GARCH","APARCH minus GARCH","DAX",1,1523,-0.0711105351790844,0.0238590215840643,-0.11787421748385,-0.0243468528743183,0.00287828596609935,0.474064346684176,"first_model_favoured",TRUE
0.95,3,"APARCH_MINUS_GARCH","APARCH minus GARCH","FTSE",2,1513,-0.0439762727719029,0.0216653564063737,-0.0864403713283954,-0.00151217421541044,0.0423771905532367,0.513549239920687,"first_model_favoured",TRUE
0.95,3,"APARCH_MINUS_GARCH","APARCH minus GARCH","NIKKEI",3,1464,-0.0661400639490085,0.0244293121815916,-0.114021515824928,-0.018258612073089,0.00678112915983119,0.461065573770492,"first_model_favoured",TRUE
0.95,3,"APARCH_MINUS_GARCH","APARCH minus GARCH","SHCOMP",4,1414,-0.00025119795862759,0.00721656411631348,-0.014395663626602,0.0138932677093468,0.972232422103587,0.325318246110325,"first_model_favoured",FALSE
0.95,3,"APARCH_MINUS_GARCH","APARCH minus GARCH","SP500",5,1509,-0.00544890086097495,0.0440897722768838,-0.0918648545236672,0.0809670528017173,0.901642678031856,0.524188204108681,"first_model_favoured",FALSE
0.95,4,"AARSV_MINUS_ARSV","AARSV minus ARSV","DAX",1,1523,-0.0678854824261188,0.0277435735840953,-0.122262886650946,-0.013508078201292,0.0144094669714255,0.487196323046619,"first_model_favoured",TRUE
0.95,4,"AARSV_MINUS_ARSV","AARSV minus ARSV","FTSE",2,1513,-0.0414026447180682,0.0250412366885307,-0.0904834686275884,0.0076781791914519,0.0982538365172523,0.49636483807006,"first_model_favoured",FALSE
0.95,4,"AARSV_MINUS_ARSV","AARSV minus ARSV","NIKKEI",3,1464,-0.0565636452434197,0.0234633813480431,-0.102551872685584,-0.0105754178012551,0.0159210612513906,0.487704918032787,"first_model_favoured",TRUE
0.95,4,"AARSV_MINUS_ARSV","AARSV minus ARSV","SHCOMP",4,1414,-0.00373499831114912,0.00494322154691045,-0.0134237125430936,0.00595371592079537,0.449901175241296,0.441301272984441,"first_model_favoured",FALSE
0.95,4,"AARSV_MINUS_ARSV","AARSV minus ARSV","SP500",5,1509,-0.0377629120431587,0.0374690012985348,-0.111202154588287,0.0356763305019696,0.31352930908384,0.565275016567263,"first_model_favoured",FALSE
0.95,5,"TSV_RT_MINUS_ARSV","TSV-RT minus ARSV","DAX",1,1523,-0.0508006613543622,0.0212205940933327,-0.0923930257772943,-0.00920829693143006,0.0166688343307135,0.4629021667761,"first_model_favoured",TRUE
0.95,5,"TSV_RT_MINUS_ARSV","TSV-RT minus ARSV","FTSE",2,1513,-0.0510089778892037,0.018167770586075,-0.0866178082379108,-0.0154001475404967,0.00499024129072955,0.530733641771315,"first_model_favoured",TRUE
0.95,5,"TSV_RT_MINUS_ARSV","TSV-RT minus ARSV","NIKKEI",3,1464,-0.0278222325203313,0.0201915157729111,-0.0673976034352371,0.0117531383945745,0.168228920480125,0.474726775956284,"first_model_favoured",FALSE
0.95,5,"TSV_RT_MINUS_ARSV","TSV-RT minus ARSV","SHCOMP",4,1414,-0.000361249263046237,0.00341130939900193,-0.00704741568509002,0.00632491715899755,0.915663648328894,0.413012729844413,"first_model_favoured",FALSE
0.95,5,"TSV_RT_MINUS_ARSV","TSV-RT minus ARSV","SP500",5,1509,-0.0413836847418312,0.0282658044857936,-0.0967846615339867,0.0140172920503243,0.143169329717423,0.571239231278993,"first_model_favoured",FALSE
0.95,6,"STAR_SV_MINUS_ARSV","STAR-SV minus ARSV","DAX",1,1523,-0.0751233757930253,0.0267402465592505,-0.127534259049156,-0.0227124925368944,0.00496378161356299,0.474064346684176,"first_model_favoured",TRUE
0.95,6,"STAR_SV_MINUS_ARSV","STAR-SV minus ARSV","FTSE",2,1513,-0.0479143162138716,0.025712024357277,-0.0983098839541346,0.00248125152639143,0.0623921776411155,0.487772637144746,"first_model_favoured",FALSE
0.95,6,"STAR_SV_MINUS_ARSV","STAR-SV minus ARSV","NIKKEI",3,1464,-0.0549421377503411,0.0207085708440557,-0.0955309366046902,-0.014353338895992,0.00797536316531023,0.496584699453552,"first_model_favoured",TRUE
0.95,6,"STAR_SV_MINUS_ARSV","STAR-SV minus ARSV","SHCOMP",4,1414,0.000111671108664169,0.0021813434722161,-0.00416376209687938,0.00438710431420772,0.959171148063192,0.212164073550212,"benchmark_favoured",FALSE
0.95,6,"STAR_SV_MINUS_ARSV","STAR-SV minus ARSV","SP500",5,1509,-0.0370438919796892,0.0354527016126148,-0.106531187140414,0.0324434031810358,0.296077481104486,0.562624254473161,"first_model_favoured",FALSE
0.975,1,"GJR_R_MINUS_GARCH","GJR-R minus GARCH","DAX",1,1523,-0.0515175328819039,0.0355145814587051,-0.121126112540966,0.0180910467771582,0.146890639711569,0.371634931057124,"first_model_favoured",FALSE
0.975,1,"GJR_R_MINUS_GARCH","GJR-R minus GARCH","FTSE",2,1513,-0.0624936384674271,0.036621742198787,-0.13427225317705,0.00928497624219544,0.0879219582539743,0.340383344348976,"first_model_favoured",FALSE
0.975,1,"GJR_R_MINUS_GARCH","GJR-R minus GARCH","NIKKEI",3,1464,-0.0346403453011978,0.024432908188909,-0.0825288453514595,0.0132481547490639,0.156256717560138,0.391393442622951,"first_model_favoured",FALSE
0.975,1,"GJR_R_MINUS_GARCH","GJR-R minus GARCH","SHCOMP",4,1414,-0.00663674207920355,0.00803097710254804,-0.0223774572001977,0.00910397304179061,0.408581276419302,0.0848656294200849,"first_model_favoured",FALSE
0.975,1,"GJR_R_MINUS_GARCH","GJR-R minus GARCH","SP500",5,1509,-0.0258536914877684,0.0557159230802397,-0.135056900725038,0.0833495177495014,0.642628416263728,0.465871438038436,"first_model_favoured",FALSE
0.975,2,"GJR_U_MINUS_GARCH","GJR-U minus GARCH","DAX",1,1523,-0.051968100746708,0.0312460298010271,-0.113210319156721,0.00927411766330509,0.0962743034302422,0.441891004596192,"first_model_favoured",FALSE
0.975,2,"GJR_U_MINUS_GARCH","GJR-U minus GARCH","FTSE",2,1513,-0.0432476686225537,0.029270958625116,-0.100618747527781,0.0141234102826737,0.139543239098625,0.46265697290152,"first_model_favoured",FALSE
0.975,2,"GJR_U_MINUS_GARCH","GJR-U minus GARCH","NIKKEI",3,1464,-0.0483862936397998,0.021712359890818,-0.0909425190258031,-0.0058300682537966,0.025846272154198,0.495901639344262,"first_model_favoured",TRUE
0.975,2,"GJR_U_MINUS_GARCH","GJR-U minus GARCH","SHCOMP",4,1414,0.00210407270308254,0.0032599129058424,-0.00428535659236856,0.00849350199853365,0.518643178492002,0.366336633663366,"benchmark_favoured",FALSE
0.975,2,"GJR_U_MINUS_GARCH","GJR-U minus GARCH","SP500",5,1509,0.00228785367930516,0.0575648190473339,-0.110539191653469,0.11511489901208,0.968297256913882,0.530152418820411,"benchmark_favoured",FALSE
0.975,3,"APARCH_MINUS_GARCH","APARCH minus GARCH","DAX",1,1523,-0.0734416879322859,0.0308953932798925,-0.133996658760875,-0.0128867171036966,0.0174489762459113,0.481286933683519,"first_model_favoured",TRUE
0.975,3,"APARCH_MINUS_GARCH","APARCH minus GARCH","FTSE",2,1513,-0.0538851891495189,0.0300091359660771,-0.11270309564303,0.0049327173439922,0.0725539947988953,0.547918043621943,"first_model_favoured",FALSE
0.975,3,"APARCH_MINUS_GARCH","APARCH minus GARCH","NIKKEI",3,1464,-0.0657906465492256,0.0324136206360749,-0.129321342995932,-0.00225995010251882,0.042384781362832,0.478825136612022,"first_model_favoured",TRUE
0.975,3,"APARCH_MINUS_GARCH","APARCH minus GARCH","SHCOMP",4,1414,0.00872214469151486,0.0104971299399875,-0.0118522299908607,0.0292965193738904,0.406025848975292,0.288543140028289,"benchmark_favoured",FALSE
0.975,3,"APARCH_MINUS_GARCH","APARCH minus GARCH","SP500",5,1509,0.0125313343997476,0.0699762456525443,-0.124622107079239,0.149684775878734,0.857875016797958,0.533465871438038,"benchmark_favoured",FALSE
0.975,4,"AARSV_MINUS_ARSV","AARSV minus ARSV","DAX",1,1523,-0.072109928833338,0.0378701660602988,-0.146335454311524,0.0021155966448476,0.0568925350569719,0.504267892317794,"first_model_favoured",FALSE
0.975,4,"AARSV_MINUS_ARSV","AARSV minus ARSV","FTSE",2,1513,-0.0424087128094421,0.0366422430412476,-0.114227509170287,0.0294100835514032,0.247120334005011,0.518175809649703,"first_model_favoured",FALSE
0.975,4,"AARSV_MINUS_ARSV","AARSV minus ARSV","NIKKEI",3,1464,-0.0650171605508412,0.0301629627769815,-0.124136567593725,-0.00589775350795749,0.0311204111084918,0.511612021857924,"first_model_favoured",TRUE
0.975,4,"AARSV_MINUS_ARSV","AARSV minus ARSV","SHCOMP",4,1414,-0.00471090565055232,0.00746745385250372,-0.0193471152014596,0.00992530390035498,0.528133143916238,0.431400282885431,"first_model_favoured",FALSE
0.975,4,"AARSV_MINUS_ARSV","AARSV minus ARSV","SP500",5,1509,-0.0479748466490943,0.056981662849731,-0.159658905834567,0.0637092125363785,0.399824432815062,0.590457256461233,"first_model_favoured",FALSE
0.975,5,"TSV_RT_MINUS_ARSV","TSV-RT minus ARSV","DAX",1,1523,-0.0761060191646395,0.0295939700852274,-0.134110200531685,-0.0181018377975939,0.0101208382642629,0.485883125410374,"first_model_favoured",TRUE
0.975,5,"TSV_RT_MINUS_ARSV","TSV-RT minus ARSV","FTSE",2,1513,-0.060356078218536,0.0267072667967374,-0.112702321140141,-0.00800983529693083,0.0238267002226164,0.552544613350958,"first_model_favoured",TRUE
0.975,5,"TSV_RT_MINUS_ARSV","TSV-RT minus ARSV","NIKKEI",3,1464,-0.0207200735534854,0.028662695142812,-0.076898956033397,0.0354588089264262,0.469745369946622,0.484289617486339,"first_model_favoured",FALSE
0.975,5,"TSV_RT_MINUS_ARSV","TSV-RT minus ARSV","SHCOMP",4,1414,-0.000434760582221466,0.00508898275325156,-0.0104091667785945,0.0095396456141516,0.931918171336315,0.412305516265912,"first_model_favoured",FALSE
0.975,5,"TSV_RT_MINUS_ARSV","TSV-RT minus ARSV","SP500",5,1509,-0.0364686218564166,0.0410030553544608,-0.11683461035116,0.0438973666383265,0.37378153580374,0.597746852220013,"first_model_favoured",FALSE
0.975,6,"STAR_SV_MINUS_ARSV","STAR-SV minus ARSV","DAX",1,1523,-0.0868628454270032,0.0371735122415003,-0.159722929420344,-0.0140027614336626,0.0194554893057921,0.476690741956664,"first_model_favoured",TRUE
0.975,6,"STAR_SV_MINUS_ARSV","STAR-SV minus ARSV","FTSE",2,1513,-0.0622012572150948,0.0377122617088714,-0.136117290164483,0.0117147757342932,0.0990730288901564,0.514210178453404,"first_model_favoured",FALSE
0.975,6,"STAR_SV_MINUS_ARSV","STAR-SV minus ARSV","NIKKEI",3,1464,-0.065283940785538,0.0272742388997142,-0.118741449028978,-0.011826432542098,0.0166833947721397,0.515027322404372,"first_model_favoured",TRUE
0.975,6,"STAR_SV_MINUS_ARSV","STAR-SV minus ARSV","SHCOMP",4,1414,-0.00154917949228122,0.00333901701663563,-0.00809365284488704,0.00499529386032461,0.642674439199662,0.190947666195191,"first_model_favoured",FALSE
0.975,6,"STAR_SV_MINUS_ARSV","STAR-SV minus ARSV","SP500",5,1509,-0.0486785722790045,0.0554791043237518,-0.157417616753558,0.060060472195549,0.380257608882475,0.58648111332008,"first_model_favoured",FALSE
