"period","period_label","market","common_support_n","fz0_leader_975","mcs_95_set_size_975","christoffersen_cc_nonrejections_5pct","de_conditional_nonrejections_5pct","z2_green","z2_yellow","z2_red","lpds_leader","crps_leader"
"main_oos","Main-OOS, 2018--2023","DAX",1523,"STAR-SV",7,5,6,1,5,2,"APARCH","APARCH"
"main_oos","Main-OOS, 2018--2023","FTSE",1513,"GJR-R",8,1,6,0,1,7,"APARCH","APARCH"
"main_oos","Main-OOS, 2018--2023","NIKKEI",1464,"STAR-SV",7,7,8,4,4,0,"AARSV","AARSV"
"main_oos","Main-OOS, 2018--2023","SHCOMP",1414,"GJR-R",8,5,0,7,1,0,"GARCH","GJR-U"
"main_oos","Main-OOS, 2018--2023","SP500",1509,"GJR-R",8,1,5,0,1,7,"APARCH","APARCH"
"holdout","Holdout, 2024--2025","DAX",507,"GARCH",8,7,6,8,0,0,"APARCH","APARCH"
"holdout","Holdout, 2024--2025","FTSE",507,"GJR-U",8,0,0,8,0,0,"APARCH","GJR-U"
"holdout","Holdout, 2024--2025","NIKKEI",425,"GJR-R",8,7,7,1,7,0,"TSV-RT","STAR-SV"
"holdout","Holdout, 2024--2025","SHCOMP",443,"GARCH",8,8,8,8,0,0,"TSV-RT","TSV-RT"
"holdout","Holdout, 2024--2025","SP500",502,"STAR-SV",8,8,8,0,8,0,"AARSV","AARSV"
