"period","market","tail_confidence","mcs_confidence","bootstrap_scheme","bootstrap_replications","block_length","block_selection_rule","seed"
"main_oos","DAX",0.95,0.95,"moving_block",5000,31,"automatic AR-significance selection with minimum block length 5",155575571
"main_oos","DAX",0.95,0.8,"moving_block",5000,31,"automatic AR-significance selection with minimum block length 5",79161838
"main_oos","FTSE",0.95,0.95,"moving_block",5000,31,"automatic AR-significance selection with minimum block length 5",122452021
"main_oos","FTSE",0.95,0.8,"moving_block",5000,31,"automatic AR-significance selection with minimum block length 5",225619390
"main_oos","NIKKEI",0.95,0.95,"moving_block",5000,10,"automatic AR-significance selection with minimum block length 5",127727353
"main_oos","NIKKEI",0.95,0.8,"moving_block",5000,5,"automatic AR-significance selection with minimum block length 5",136460944
"main_oos","SHCOMP",0.95,0.95,"moving_block",5000,30,"automatic AR-significance selection with minimum block length 5",111230766
"main_oos","SHCOMP",0.95,0.8,"moving_block",5000,30,"automatic AR-significance selection with minimum block length 5",169144835
"main_oos","SP500",0.95,0.95,"moving_block",5000,29,"automatic AR-significance selection with minimum block length 5",41130455
"main_oos","SP500",0.95,0.8,"moving_block",5000,29,"automatic AR-significance selection with minimum block length 5",21791686
"main_oos","DAX",0.975,0.95,"moving_block",5000,26,"automatic AR-significance selection with minimum block length 5",39937912
"main_oos","DAX",0.975,0.8,"moving_block",5000,26,"automatic AR-significance selection with minimum block length 5",16598775
"main_oos","FTSE",0.975,0.95,"moving_block",5000,28,"automatic AR-significance selection with minimum block length 5",229526895
"main_oos","FTSE",0.975,0.8,"moving_block",5000,28,"automatic AR-significance selection with minimum block length 5",82219911
"main_oos","NIKKEI",0.975,0.95,"moving_block",5000,10,"automatic AR-significance selection with minimum block length 5",67759008
"main_oos","NIKKEI",0.975,0.8,"moving_block",5000,10,"automatic AR-significance selection with minimum block length 5",229029424
"main_oos","SHCOMP",0.975,0.95,"moving_block",5000,25,"automatic AR-significance selection with minimum block length 5",155494564
"main_oos","SHCOMP",0.975,0.8,"moving_block",5000,25,"automatic AR-significance selection with minimum block length 5",258072476
"main_oos","SP500",0.975,0.95,"moving_block",5000,28,"automatic AR-significance selection with minimum block length 5",140403543
"main_oos","SP500",0.975,0.8,"moving_block",5000,28,"automatic AR-significance selection with minimum block length 5",46648425
"main_oos","DAX",0.99,0.95,"moving_block",5000,13,"automatic AR-significance selection with minimum block length 5",138512418
"main_oos","DAX",0.99,0.8,"moving_block",5000,13,"automatic AR-significance selection with minimum block length 5",22872297
"main_oos","FTSE",0.99,0.95,"moving_block",5000,25,"automatic AR-significance selection with minimum block length 5",170413820
"main_oos","FTSE",0.99,0.8,"moving_block",5000,25,"automatic AR-significance selection with minimum block length 5",102783292
"main_oos","NIKKEI",0.99,0.95,"moving_block",5000,11,"automatic AR-significance selection with minimum block length 5",250076763
"main_oos","NIKKEI",0.99,0.8,"moving_block",5000,11,"automatic AR-significance selection with minimum block length 5",69478116
"main_oos","SHCOMP",0.99,0.95,"moving_block",5000,25,"automatic AR-significance selection with minimum block length 5",49336362
"main_oos","SHCOMP",0.99,0.8,"moving_block",5000,25,"automatic AR-significance selection with minimum block length 5",65330403
"main_oos","SP500",0.99,0.95,"moving_block",5000,16,"automatic AR-significance selection with minimum block length 5",111116278
"main_oos","SP500",0.99,0.8,"moving_block",5000,16,"automatic AR-significance selection with minimum block length 5",119780674
"holdout","DAX",0.95,0.95,"moving_block",5000,27,"automatic AR-significance selection with minimum block length 5",203034881
"holdout","DAX",0.95,0.8,"moving_block",5000,27,"automatic AR-significance selection with minimum block length 5",185303713
"holdout","FTSE",0.95,0.95,"moving_block",5000,7,"automatic AR-significance selection with minimum block length 5",140964238
"holdout","FTSE",0.95,0.8,"moving_block",5000,7,"automatic AR-significance selection with minimum block length 5",100625728
"holdout","NIKKEI",0.95,0.95,"moving_block",5000,23,"automatic AR-significance selection with minimum block length 5",120342940
"holdout","NIKKEI",0.95,0.8,"moving_block",5000,23,"automatic AR-significance selection with minimum block length 5",100594269
"holdout","SHCOMP",0.95,0.95,"moving_block",5000,5,"automatic AR-significance selection with minimum block length 5",231496280
"holdout","SHCOMP",0.95,0.8,"moving_block",5000,5,"automatic AR-significance selection with minimum block length 5",94743872
"holdout","SP500",0.95,0.95,"moving_block",5000,5,"automatic AR-significance selection with minimum block length 5",222231788
"holdout","SP500",0.95,0.8,"moving_block",5000,5,"automatic AR-significance selection with minimum block length 5",241032591
"holdout","DAX",0.975,0.95,"moving_block",5000,24,"automatic AR-significance selection with minimum block length 5",260028398
"holdout","DAX",0.975,0.8,"moving_block",5000,24,"automatic AR-significance selection with minimum block length 5",217209649
"holdout","FTSE",0.975,0.95,"moving_block",5000,25,"automatic AR-significance selection with minimum block length 5",71461968
"holdout","FTSE",0.975,0.8,"moving_block",5000,25,"automatic AR-significance selection with minimum block length 5",179975881
"holdout","NIKKEI",0.975,0.95,"moving_block",5000,21,"automatic AR-significance selection with minimum block length 5",211921132
"holdout","NIKKEI",0.975,0.8,"moving_block",5000,21,"automatic AR-significance selection with minimum block length 5",57879304
"holdout","SHCOMP",0.975,0.95,"moving_block",5000,5,"automatic AR-significance selection with minimum block length 5",147544948
"holdout","SHCOMP",0.975,0.8,"moving_block",5000,5,"automatic AR-significance selection with minimum block length 5",194772694
"holdout","SP500",0.975,0.95,"moving_block",5000,9,"automatic AR-significance selection with minimum block length 5",144659940
"holdout","SP500",0.975,0.8,"moving_block",5000,9,"automatic AR-significance selection with minimum block length 5",243022843
"holdout","DAX",0.99,0.95,"moving_block",5000,23,"automatic AR-significance selection with minimum block length 5",108244337
"holdout","DAX",0.99,0.8,"moving_block",5000,23,"automatic AR-significance selection with minimum block length 5",165434407
"holdout","FTSE",0.99,0.95,"moving_block",5000,8,"automatic AR-significance selection with minimum block length 5",174837703
"holdout","FTSE",0.99,0.8,"moving_block",5000,8,"automatic AR-significance selection with minimum block length 5",47749414
"holdout","NIKKEI",0.99,0.95,"moving_block",5000,21,"automatic AR-significance selection with minimum block length 5",23057749
"holdout","NIKKEI",0.99,0.8,"moving_block",5000,21,"automatic AR-significance selection with minimum block length 5",103187148
"holdout","SHCOMP",0.99,0.95,"moving_block",5000,5,"automatic AR-significance selection with minimum block length 5",159088949
"holdout","SHCOMP",0.99,0.8,"moving_block",5000,5,"automatic AR-significance selection with minimum block length 5",159244079
"holdout","SP500",0.99,0.95,"moving_block",5000,5,"automatic AR-significance selection with minimum block length 5",53866705
"holdout","SP500",0.99,0.8,"moving_block",5000,5,"automatic AR-significance selection with minimum block length 5",80894047
