"period","confidence","n","simulations","seed","null_distribution","green_cutoff","red_cutoff"
"main_oos",0.95,1523,2000000,174406336,"standard_normal",-0.190350289843537,-0.448057686771826
"main_oos",0.975,1523,2000000,92476771,"standard_normal",-0.273213092055528,-0.650397720967242
"main_oos",0.99,1523,2000000,127931088,"standard_normal",-0.440679915077331,-1.0936917843357
"main_oos",0.95,1513,2000000,4719145,"standard_normal",-0.19088531926001,-0.448539768571869
"main_oos",0.975,1513,2000000,118815051,"standard_normal",-0.274183424253457,-0.655449926840445
"main_oos",0.99,1513,2000000,156361717,"standard_normal",-0.441797179658782,-1.091123043342
"main_oos",0.95,1464,2000000,222694214,"standard_normal",-0.194471130237703,-0.455377091797569
"main_oos",0.975,1464,2000000,51181085,"standard_normal",-0.278572605630062,-0.664737959759087
"main_oos",0.99,1464,2000000,172422423,"standard_normal",-0.44932846277879,-1.11347663890359
"main_oos",0.95,1414,2000000,222390484,"standard_normal",-0.197780348004327,-0.466346737804724
"main_oos",0.975,1414,2000000,247032916,"standard_normal",-0.283968896542635,-0.681523352685403
"main_oos",0.99,1414,2000000,113892377,"standard_normal",-0.457999589118469,-1.12590465495407
"main_oos",0.95,1509,2000000,27753273,"standard_normal",-0.191082881524421,-0.450093541409653
"main_oos",0.975,1509,2000000,117239363,"standard_normal",-0.274864272074481,-0.656610068651787
"main_oos",0.99,1509,2000000,109842621,"standard_normal",-0.442338783604357,-1.08344923249113
"main_oos",0.95,1455,2000000,47688688,"standard_normal",-0.195079441802309,-0.461852292222384
"main_oos",0.975,1455,2000000,237365973,"standard_normal",-0.279176409053408,-0.67017916099784
"main_oos",0.99,1455,2000000,2246367,"standard_normal",-0.451015539213157,-1.11691228164768
"holdout",0.95,507,2000000,6186620,"standard_normal",-0.334403810386531,-0.813034517116447
"holdout",0.975,507,2000000,98920015,"standard_normal",-0.482678631391427,-1.19397240879334
"holdout",0.99,507,2000000,167787116,"standard_normal",-0.784244377282414,-2.03152742349883
"holdout",0.95,425,2000000,12206493,"standard_normal",-0.365846993493656,-0.891378724044746
"holdout",0.975,425,2000000,145587104,"standard_normal",-0.529102234678158,-1.32909118947658
"holdout",0.99,425,2000000,62659185,"standard_normal",-0.866063704820295,-2.25402302190266
"holdout",0.95,443,2000000,19062068,"standard_normal",-0.358387794705692,-0.875599012233448
"holdout",0.975,443,2000000,79891750,"standard_normal",-0.518154406724888,-1.30828306887111
"holdout",0.99,443,2000000,14643692,"standard_normal",-0.83799515074746,-2.20234264136443
"holdout",0.95,502,2000000,184198260,"standard_normal",-0.335529922617672,-0.816754824545459
"holdout",0.975,502,2000000,180723853,"standard_normal",-0.485631788332448,-1.19310294643127
"holdout",0.99,502,2000000,25935679,"standard_normal",-0.789452597881766,-2.05804104374891
"holdout",0.95,488,2000000,103280848,"standard_normal",-0.341206201473616,-0.826475037791526
"holdout",0.975,488,2000000,6398158,"standard_normal",-0.492439422483704,-1.21873965998422
"holdout",0.99,488,2000000,243874315,"standard_normal",-0.807290568787196,-2.08347382525825
"holdout",0.95,485,2000000,70438451,"standard_normal",-0.342128964625782,-0.825355844619398
"holdout",0.975,485,2000000,214521757,"standard_normal",-0.493269547379465,-1.22845112031169
"holdout",0.99,485,2000000,95854014,"standard_normal",-0.811055056866962,-2.1221659003677
"holdout",0.95,465,2000000,142191229,"standard_normal",-0.349411237967746,-0.85209174013528
"holdout",0.975,465,2000000,166854562,"standard_normal",-0.504910354217914,-1.25829237352371
"holdout",0.99,465,2000000,224101317,"standard_normal",-0.820536000012321,-2.1846732298179
"holdout",0.95,463,2000000,161399273,"standard_normal",-0.350493877723795,-0.852072769491734
"holdout",0.975,463,2000000,41567866,"standard_normal",-0.506317403998133,-1.26903096286035
"holdout",0.99,463,2000000,51700788,"standard_normal",-0.821368068407016,-2.119889901539
