"period","market","model","parameter","months","median","minimum","maximum"
"holdout","DAX","AARSV","gamma_aarsv",24,-0.171613564125,-0.17871648175,-0.159158483
"main","DAX","AARSV","gamma_aarsv",72,-0.177230884875,-0.19293581675,-0.155109148
"holdout","DAX","APARCH","gamma",24,0.960184144375,0.865054675,0.973539951
"main","DAX","APARCH","gamma",72,0.958366870375,0.92339599625,0.982181827
"holdout","DAX","GJR_R","lambda",24,0.238140101625,0.21904709125,0.30087702225
"main","DAX","GJR_R","lambda",72,0.230359325375,0.1818423055,0.2582796435
"holdout","DAX","GJR_U","lambda",24,0.19295795425,0.16545592875,0.231248165
"main","DAX","GJR_U","lambda",72,0.194627815375,0.15472782675,0.2281587495
"holdout","DAX","STAR_SV","gamma_mild",24,-0.2424075924925,-0.28125831135,-0.19735380950925
"main","DAX","STAR_SV","gamma_mild",72,-0.2370376950925,-0.3053204903875,-0.1400478488175
"holdout","DAX","STAR_SV","gamma_severe",24,-0.305236660625,-0.337281056625,-0.2794598185
"main","DAX","STAR_SV","gamma_severe",72,-0.31391825025,-0.355853752625,-0.27277584375
"holdout","DAX","TSV_RT","delta_tsv",24,0.25468991425,0.228036178,0.263322176
"main","DAX","TSV_RT","delta_tsv",72,0.219404715125,0.1838779425,0.28186898375
"holdout","FTSE","AARSV","gamma_aarsv",24,-0.16115846875,-0.166421758,-0.14382913
"main","FTSE","AARSV","gamma_aarsv",72,-0.173256302125,-0.1965373735,-0.156490698
"holdout","FTSE","APARCH","gamma",24,0.913095003,0.86751931875,0.94231353525
"main","FTSE","APARCH","gamma",72,0.96308922925,0.91453182325,0.980806376
"holdout","FTSE","GJR_R","lambda",24,0.30107808525,0.2408456475,0.321397044
"main","FTSE","GJR_R","lambda",72,0.29768899275,0.245312377,0.34072966275
"holdout","FTSE","GJR_U","lambda",24,0.215249537625,0.17541155025,0.2516470255
"main","FTSE","GJR_U","lambda",72,0.23368171275,0.19890707425,0.27576243075
"holdout","FTSE","STAR_SV","gamma_mild",24,-0.126147220233213,-0.261587739625,-0.0847623710933321
"main","FTSE","STAR_SV","gamma_mild",72,-0.252428452421625,-0.3688796035,-0.169993366412575
"holdout","FTSE","STAR_SV","gamma_severe",24,-0.2906190879375,-0.33276420125,-0.247922431125
"main","FTSE","STAR_SV","gamma_severe",72,-0.32980421225,-0.39856444275,-0.27969992075
"holdout","FTSE","TSV_RT","delta_tsv",24,0.254645882,0.2371784,0.29914455675
"main","FTSE","TSV_RT","delta_tsv",72,0.285737258125,0.2656427845,0.31284535975
"holdout","NIKKEI","AARSV","gamma_aarsv",24,-0.163019273875,-0.182817283,-0.146159119
"main","NIKKEI","AARSV","gamma_aarsv",72,-0.1936968675,-0.23197618725,-0.1658976245
"holdout","NIKKEI","APARCH","gamma",24,0.7659927575,0.6338057305,0.880676752
"main","NIKKEI","APARCH","gamma",72,0.808814171125,0.7534170295,0.962420805
"holdout","NIKKEI","GJR_R","lambda",24,0.29525555275,0.231995959,0.359195414
"main","NIKKEI","GJR_R","lambda",72,0.284354971375,0.199260995,0.3792333325
"holdout","NIKKEI","GJR_U","lambda",24,0.21871890525,0.182124724,0.26077535425
"main","NIKKEI","GJR_U","lambda",72,0.235240147625,0.17372939925,0.32181905025
"holdout","NIKKEI","STAR_SV","gamma_mild",24,-0.2544727789875,-0.2916613795,-0.222969008525
"main","NIKKEI","STAR_SV","gamma_mild",72,-0.277998155282625,-0.3578903256,-0.2297348366475
"holdout","NIKKEI","STAR_SV","gamma_severe",24,-0.289258132875,-0.32342632675,-0.25337208625
"main","NIKKEI","STAR_SV","gamma_severe",72,-0.3291780525,-0.4054286755,-0.28441490325
"holdout","NIKKEI","TSV_RT","delta_tsv",24,0.256331317625,0.21741613575,0.28318605325
"main","NIKKEI","TSV_RT","delta_tsv",72,0.315494801,0.26509121075,0.3845210305
"holdout","SHCOMP","AARSV","gamma_aarsv",24,-0.068825969675,-0.07417336385,-0.06068307025
"main","SHCOMP","AARSV","gamma_aarsv",72,-0.02191671291875,-0.07238818505,-0.013469902852575
"holdout","SHCOMP","APARCH","gamma",23,0.2393783987,0.1555367516,0.32163734175
"main","SHCOMP","APARCH","gamma",72,0.0692857753466075,0.000409774801424999,0.185322780075
"holdout","SHCOMP","GJR_R","lambda",24,0.03929043944125,0.026607806685825,0.049114532415
"main","SHCOMP","GJR_R","lambda",72,0.009144472942,0.00495194323181,0.069367380525
"holdout","SHCOMP","GJR_U","lambda",24,0.04235449281125,0.034128722929025,0.05184003655
"main","SHCOMP","GJR_U","lambda",72,0.00854712415666375,-0.002670748484065,0.0547427972
"holdout","SHCOMP","STAR_SV","gamma_mild",23,-0.068998545828,-0.1326887594265,-0.0223688161141825
"main","SHCOMP","STAR_SV","gamma_mild",70,-0.00267815124209913,-0.018959873113775,-0.0004450157470928
"holdout","SHCOMP","STAR_SV","gamma_severe",23,-0.101942685375,-0.18469705,-0.0383705598476962
"main","SHCOMP","STAR_SV","gamma_severe",70,-0.00522891710207212,-0.036965091325,-0.000880001454166275
"holdout","SHCOMP","TSV_RT","delta_tsv",24,0.12000088335,0.08348396705,0.150938309475
"main","SHCOMP","TSV_RT","delta_tsv",72,0.0330920924525,0.012770854460935,0.090237552125
"holdout","SP500","AARSV","gamma_aarsv",24,-0.202040531875,-0.22372801725,-0.19166211375
"main","SP500","AARSV","gamma_aarsv",72,-0.24911602125,-0.28864169625,-0.198516261
"holdout","SP500","APARCH","gamma",24,0.863967299375,0.80822485175,0.97952480525
"main","SP500","APARCH","gamma",72,0.91855333475,0.846041036,0.99665723025
"holdout","SP500","GJR_R","lambda",24,0.261646918375,0.2461129355,0.323895362
"main","SP500","GJR_R","lambda",72,0.37044509075,0.24709296125,0.44416736775
"holdout","SP500","GJR_U","lambda",24,0.22476722225,0.20640020875,0.24649113675
"main","SP500","GJR_U","lambda",72,0.311761485,0.220851288,0.39648511475
"holdout","SP500","STAR_SV","gamma_mild",24,-0.2904446211,-0.32929322225,-0.2684058662
"main","SP500","STAR_SV","gamma_mild",72,-0.3352802731875,-0.408456889825,-0.26638871644
"holdout","SP500","STAR_SV","gamma_severe",24,-0.329661930625,-0.3653874085,-0.3045136745
"main","SP500","STAR_SV","gamma_severe",72,-0.3977189845,-0.4757473275,-0.3000779345
"holdout","SP500","TSV_RT","delta_tsv",24,0.369562425375,0.342148757,0.395992547
"main","SP500","TSV_RT","delta_tsv",72,0.423565434,0.3481625995,0.4851436315
