"market","model","training_start","training_end","validation_start","validation_end","K","prior_name","max_rhat","min_ess_bulk","min_ess_tail","max_standardized_parameter_difference_from_K5_baseline","max_relative_VaR_ES_difference_from_K5_baseline","mean_lpds_difference_from_K5_baseline","relative_crps_difference_from_K5_baseline","parameter_tolerance_se","risk_relative_tolerance","lpds_absolute_tolerance","crps_relative_tolerance","assessment"
"SP500","GJR_U","2008-07-09","2016-06-16","2016-06-17","2016-06-30",2,"baseline",1.00742503112077,725.218177324082,855.32559231355,0.692649259843524,0.00287281017354529,-0.00112618562421396,0.000427901548436889,0.75,0.05,0.05,0.05,"low_clone_diagnostic"
"SP500","GJR_U","2008-07-09","2016-06-16","2016-06-17","2016-06-30",10,"baseline",1.00508063382749,653.741209511655,850.080436139868,0.213972212417436,0.000621187768877108,0.000377733503780675,0.000107866849435752,0.75,0.05,0.05,0.05,"within_tolerance"
"SP500","GJR_U","2008-07-09","2016-06-16","2016-06-17","2016-06-30",5,"diffuse",1.00358304191036,610.034501970572,616.638942347058,0.211445399352212,0.000486570500422245,-0.00149697229733015,0.00000332528892539398,0.75,0.05,0.05,0.05,"within_tolerance"
"SP500","AARSV","2008-07-09","2016-06-16","2016-06-17","2016-06-30",2,"baseline",1.00499956905225,654.578238877033,1009.83170460558,0.107813537947804,0.0272330397198304,-0.0137801991121775,0.00894426177022955,0.75,0.05,0.05,0.05,"low_clone_diagnostic"
"SP500","AARSV","2008-07-09","2016-06-16","2016-06-17","2016-06-30",10,"baseline",1.00451226182784,1092.20452730003,1858.69825945812,0.0592156023357096,0.0280292318321875,-0.00352977549115785,0.00232314709925436,0.75,0.05,0.05,0.05,"within_tolerance"
"SP500","AARSV","2008-07-09","2016-06-16","2016-06-17","2016-06-30",5,"diffuse",1.00676455512348,665.054135445691,932.094966736871,0.0575856876767099,0.0159398171806684,-0.0167765478936102,0.00190279907484855,0.75,0.05,0.05,0.05,"within_tolerance"
"SHCOMP","GJR_U","2008-03-25","2016-06-16","2016-06-17","2016-06-30",2,"baseline",1.00442181826082,929.63524647808,1079.05534888395,0.268243647701258,0.00514023099969391,-0.000928904676254394,0.000622752179513432,0.75,0.05,0.05,0.05,"low_clone_diagnostic"
"SHCOMP","GJR_U","2008-03-25","2016-06-16","2016-06-17","2016-06-30",10,"baseline",1.00510950852171,928.634591629237,864.738600878283,0.0855903937296806,0.000802940852984262,0.000438859747839748,0.000278483343617353,0.75,0.05,0.05,0.05,"within_tolerance"
"SHCOMP","GJR_U","2008-03-25","2016-06-16","2016-06-17","2016-06-30",5,"diffuse",1.00538341617922,918.301001692165,1178.67169152957,0.1118900299395,0.001289061437633,0.000196235705187897,0.0000729207256458162,0.75,0.05,0.05,0.05,"within_tolerance"
"SHCOMP","AARSV","2008-03-25","2016-06-16","2016-06-17","2016-06-30",2,"baseline",1.00253600053651,1430.98547297803,2163.40461315938,0.114305554094034,0.0106318436373614,0.000655021387340415,0.00276553082930765,0.75,0.05,0.05,0.05,"low_clone_diagnostic"
"SHCOMP","AARSV","2008-03-25","2016-06-16","2016-06-17","2016-06-30",10,"baseline",1.00617094205751,1305.91182486181,2081.45170533703,0.0282174018570822,0.0109387529253507,-0.0024508530366496,0.00232426978474922,0.75,0.05,0.05,0.05,"within_tolerance"
"SHCOMP","AARSV","2008-03-25","2016-06-16","2016-06-17","2016-06-30",5,"diffuse",1.00422663259765,1213.639537898,1500.74414641373,0.011107960172535,0.00500323941475863,-0.000833986322973379,0.00329642776477106,0.75,0.05,0.05,0.05,"within_tolerance"
