"market","confidence","model","n_full","mean_fz0_full","rank_full","n_restricted","mean_fz0_restricted","rank_restricted","n_excluded","mean_fz0_excluded","mean_shift_full_minus_restricted","rank_change_full_minus_restricted"
"SHCOMP",0.95,"GARCH",1455,0.941281846055135,3,1414,0.957218313248315,5,41,0.391668075051291,-0.0159364671931806,-2
"SHCOMP",0.95,"GJR_R",1455,0.936670772114696,1,1414,0.951918381261511,1,41,0.410814203002584,-0.0152476091468154,0
"SHCOMP",0.95,"GJR_U",1455,0.941613548152804,4,1414,0.957087540001902,4,41,0.407949536576573,-0.0154739918490987,0
"SHCOMP",0.95,"APARCH",1455,0.942726533372115,5,1414,0.956967115289688,3,41,0.451600122848993,-0.014240581917573,2
"SHCOMP",0.95,"ARSV",1455,0.943949912556624,6,1414,0.958169260358941,7,41,0.453555820057178,-0.0142193478023175,-1
"SHCOMP",0.95,"AARSV",1455,0.940894003602937,2,1414,0.954434262047792,2,41,0.473920212358427,-0.0135402584448553,0
"SHCOMP",0.95,"TSV_RT",1455,0.944289800349088,7,1414,0.957808011095895,6,41,0.478076385812872,-0.0135182107468068,1
"SHCOMP",0.975,"GARCH",1455,1.16733252101852,2,1414,1.18259079137462,2,41,0.641108270200686,-0.0152582703561037,0
"SHCOMP",0.975,"GJR_R",1455,1.16152108361991,1,1414,1.17595404929542,1,41,0.663759779591278,-0.014432965675512,0
"SHCOMP",0.975,"GJR_U",1455,1.16989421347394,3,1414,1.18469486407771,3,41,0.659452263383108,-0.0148006506037652,0
"SHCOMP",0.975,"APARCH",1455,1.1775501711094,5,1414,1.19131293606614,5,41,0.702902618698908,-0.0137627649567398,0
"SHCOMP",0.975,"ARSV",1455,1.17988000344769,6,1414,1.19393351394652,7,41,0.695205275512611,-0.0140535104988249,-1
"SHCOMP",0.975,"AARSV",1455,1.17586830997467,4,1414,1.18922260829597,4,41,0.715307875186673,-0.0133542983212926,0
"SHCOMP",0.975,"TSV_RT",1455,1.18010896861669,7,1414,1.1934987533643,6,41,0.718324684882021,-0.0133897847476105,1
"SHCOMP",0.99,"GARCH",1455,1.44060166402042,2,1414,1.45548808705153,2,41,0.927201611191381,-0.0148864230311105,0
"SHCOMP",0.99,"GJR_R",1455,1.42979307559127,1,1414,1.4435442390285,1,41,0.955545634122002,-0.0137511634372283,0
"SHCOMP",0.99,"GJR_U",1455,1.44256244557888,3,1414,1.45687106689081,3,41,0.94908950569915,-0.0143086213119292,0
"SHCOMP",0.99,"APARCH",1455,1.45066307385429,4,1414,1.46395315750879,4,41,0.992317261964889,-0.0132900836545016,0
"SHCOMP",0.99,"ARSV",1455,1.45930478524854,7,1414,1.4736582476144,7,41,0.964285375850237,-0.0143534623658625,0
"SHCOMP",0.99,"AARSV",1455,1.45382129036069,5,1414,1.46742555230776,5,41,0.984640158820179,-0.0136042619470722,0
"SHCOMP",0.99,"TSV_RT",1455,1.45928942418275,6,1414,1.47302654287623,6,41,0.985526355095541,-0.0137371186934765,0
