"analysis","market","model","month","training_start","training_end","training_n","K","star_m"
"density","DAX","ARSV","2018-01","2010-02-12","2017-12-29",2000,5,
"density","DAX","ARSV","2018-02","2010-03-16","2018-01-31",2000,5,
"density","DAX","ARSV","2018-03","2010-04-15","2018-02-28",2000,5,
"density","DAX","ARSV","2018-04","2010-05-14","2018-03-29",2000,5,
"density","DAX","ARSV","2018-05","2010-06-11","2018-04-30",2000,5,
"density","DAX","ARSV","2018-06","2010-07-12","2018-05-31",2000,5,
"density","DAX","ARSV","2018-07","2010-08-10","2018-06-29",2000,5,
"density","DAX","ARSV","2018-08","2010-09-09","2018-07-31",2000,5,
"density","DAX","ARSV","2018-09","2010-10-12","2018-08-31",2000,5,
"density","DAX","ARSV","2018-10","2010-11-09","2018-09-28",2000,5,
"density","DAX","ARSV","2018-11","2010-12-09","2018-10-31",2000,5,
"density","DAX","ARSV","2018-12","2011-01-12","2018-11-30",2000,5,
"density","DAX","ARSV","2019-01","2011-02-04","2018-12-28",2000,5,
"density","DAX","ARSV","2019-02","2011-03-08","2019-01-31",2000,5,
"density","DAX","ARSV","2019-03","2011-04-05","2019-02-28",2000,5,
"density","DAX","ARSV","2019-04","2011-05-06","2019-03-29",2000,5,
"density","DAX","ARSV","2019-05","2011-06-03","2019-04-30",2000,5,
"density","DAX","ARSV","2019-06","2011-07-05","2019-05-31",2000,5,
"density","DAX","ARSV","2019-07","2011-08-01","2019-06-28",2000,5,
"density","DAX","ARSV","2019-08","2011-09-01","2019-07-31",2000,5,
"density","DAX","ARSV","2019-09","2011-10-04","2019-08-30",2000,5,
"density","DAX","ARSV","2019-10","2011-11-02","2019-09-30",2000,5,
"density","DAX","ARSV","2019-11","2011-12-02","2019-10-31",2000,5,
"density","DAX","ARSV","2019-12","2012-01-03","2019-11-29",2000,5,
"density","DAX","ARSV","2020-01","2012-01-27","2019-12-30",2000,5,
"density","DAX","ARSV","2020-02","2012-02-28","2020-01-31",2000,5,
"density","DAX","ARSV","2020-03","2012-03-27","2020-02-28",2000,5,
"density","DAX","ARSV","2020-04","2012-04-30","2020-03-31",2000,5,
"density","DAX","ARSV","2020-05","2012-05-29","2020-04-30",2000,5,
"density","DAX","ARSV","2020-06","2012-06-26","2020-05-29",2000,5,
"density","DAX","ARSV","2020-07","2012-07-25","2020-06-30",2000,5,
"density","DAX","ARSV","2020-08","2012-08-27","2020-07-31",2000,5,
"density","DAX","ARSV","2020-09","2012-09-25","2020-08-31",2000,5,
"density","DAX","ARSV","2020-10","2012-10-26","2020-09-30",2000,5,
"density","DAX","ARSV","2020-11","2012-11-27","2020-10-30",2000,5,
"density","DAX","ARSV","2020-12","2013-01-02","2020-11-30",2000,5,
"density","DAX","ARSV","2021-01","2013-01-30","2020-12-30",2000,5,
"density","DAX","ARSV","2021-02","2013-02-27","2021-01-29",2000,5,
"density","DAX","ARSV","2021-03","2013-03-27","2021-02-26",2000,5,
"density","DAX","ARSV","2021-04","2013-05-02","2021-03-31",2000,5,
"density","DAX","ARSV","2021-05","2013-05-30","2021-04-30",2000,5,
"density","DAX","ARSV","2021-06","2013-06-27","2021-05-31",2000,5,
"density","DAX","ARSV","2021-07","2013-07-29","2021-06-30",2000,5,
"density","DAX","ARSV","2021-08","2013-08-28","2021-07-30",2000,5,
"density","DAX","ARSV","2021-09","2013-09-27","2021-08-31",2000,5,
"density","DAX","ARSV","2021-10","2013-10-30","2021-09-30",2000,5,
"density","DAX","ARSV","2021-11","2013-11-28","2021-10-29",2000,5,
"density","DAX","ARSV","2021-12","2014-01-06","2021-11-30",2000,5,
"density","DAX","ARSV","2022-01","2014-02-04","2021-12-30",2000,5,
"density","DAX","ARSV","2022-02","2014-03-05","2022-01-31",2000,5,
"density","DAX","ARSV","2022-03","2014-04-02","2022-02-28",2000,5,
"density","DAX","ARSV","2022-04","2014-05-08","2022-03-31",2000,5,
"density","DAX","ARSV","2022-05","2014-06-04","2022-04-29",2000,5,
"density","DAX","ARSV","2022-06","2014-07-04","2022-05-31",2000,5,
"density","DAX","ARSV","2022-07","2014-08-05","2022-06-30",2000,5,
"density","DAX","ARSV","2022-08","2014-09-03","2022-07-29",2000,5,
"density","DAX","ARSV","2022-09","2014-10-07","2022-08-31",2000,5,
"density","DAX","ARSV","2022-10","2014-11-06","2022-09-30",2000,5,
"density","DAX","ARSV","2022-11","2014-12-05","2022-10-31",2000,5,
"density","DAX","ARSV","2022-12","2015-01-13","2022-11-30",2000,5,
"density","DAX","ARSV","2023-01","2015-02-11","2022-12-30",2000,5,
"density","DAX","ARSV","2023-02","2015-03-13","2023-01-31",2000,5,
"density","DAX","ARSV","2023-03","2015-04-14","2023-02-28",2000,5,
"density","DAX","ARSV","2023-04","2015-05-18","2023-03-31",2000,5,
"density","DAX","ARSV","2023-05","2015-06-12","2023-04-28",2000,5,
"density","DAX","ARSV","2023-06","2015-07-14","2023-05-31",2000,5,
"density","DAX","ARSV","2023-07","2015-08-13","2023-06-30",2000,5,
"density","DAX","ARSV","2023-08","2015-09-11","2023-07-31",2000,5,
"density","DAX","ARSV","2023-09","2015-10-14","2023-08-31",2000,5,
"density","DAX","ARSV","2023-10","2015-11-12","2023-09-29",2000,5,
"density","DAX","ARSV","2023-11","2015-12-14","2023-10-31",2000,5,
"density","DAX","ARSV","2023-12","2016-01-19","2023-11-30",2000,5,
"density","DAX","STAR_SV","2018-01","2010-02-12","2017-12-29",2000,5,5
"density","DAX","STAR_SV","2018-02","2010-03-16","2018-01-31",2000,5,5
"density","DAX","STAR_SV","2018-03","2010-04-15","2018-02-28",2000,5,5
"density","DAX","STAR_SV","2018-04","2010-05-14","2018-03-29",2000,5,5
"density","DAX","STAR_SV","2018-05","2010-06-11","2018-04-30",2000,5,5
"density","DAX","STAR_SV","2018-06","2010-07-12","2018-05-31",2000,5,5
"density","DAX","STAR_SV","2018-07","2010-08-10","2018-06-29",2000,5,5
"density","DAX","STAR_SV","2018-08","2010-09-09","2018-07-31",2000,5,5
"density","DAX","STAR_SV","2018-09","2010-10-12","2018-08-31",2000,5,5
"density","DAX","STAR_SV","2018-10","2010-11-09","2018-09-28",2000,5,5
"density","DAX","STAR_SV","2018-11","2010-12-09","2018-10-31",2000,5,5
"density","DAX","STAR_SV","2018-12","2011-01-12","2018-11-30",2000,5,5
"density","DAX","STAR_SV","2019-01","2011-02-04","2018-12-28",2000,5,5
"density","DAX","STAR_SV","2019-02","2011-03-08","2019-01-31",2000,5,5
"density","DAX","STAR_SV","2019-03","2011-04-05","2019-02-28",2000,5,5
"density","DAX","STAR_SV","2019-04","2011-05-06","2019-03-29",2000,5,5
"density","DAX","STAR_SV","2019-05","2011-06-03","2019-04-30",2000,5,5
"density","DAX","STAR_SV","2019-06","2011-07-05","2019-05-31",2000,5,5
"density","DAX","STAR_SV","2019-07","2011-08-01","2019-06-28",2000,5,5
"density","DAX","STAR_SV","2019-08","2011-09-01","2019-07-31",2000,5,5
"density","DAX","STAR_SV","2019-09","2011-10-04","2019-08-30",2000,5,5
"density","DAX","STAR_SV","2019-10","2011-11-02","2019-09-30",2000,5,5
"density","DAX","STAR_SV","2019-11","2011-12-02","2019-10-31",2000,5,5
"density","DAX","STAR_SV","2019-12","2012-01-03","2019-11-29",2000,5,5
"density","DAX","STAR_SV","2020-01","2012-01-27","2019-12-30",2000,5,5
"density","DAX","STAR_SV","2020-02","2012-02-28","2020-01-31",2000,5,5
"density","DAX","STAR_SV","2020-03","2012-03-27","2020-02-28",2000,5,5
"density","DAX","STAR_SV","2020-04","2012-04-30","2020-03-31",2000,5,5
"density","DAX","STAR_SV","2020-05","2012-05-29","2020-04-30",2000,5,5
"density","DAX","STAR_SV","2020-06","2012-06-26","2020-05-29",2000,5,5
"density","DAX","STAR_SV","2020-07","2012-07-25","2020-06-30",2000,5,5
"density","DAX","STAR_SV","2020-08","2012-08-27","2020-07-31",2000,5,5
"density","DAX","STAR_SV","2020-09","2012-09-25","2020-08-31",2000,5,5
"density","DAX","STAR_SV","2020-10","2012-10-26","2020-09-30",2000,5,5
"density","DAX","STAR_SV","2020-11","2012-11-27","2020-10-30",2000,5,5
"density","DAX","STAR_SV","2020-12","2013-01-02","2020-11-30",2000,5,5
"density","DAX","STAR_SV","2021-01","2013-01-30","2020-12-30",2000,5,5
"density","DAX","STAR_SV","2021-02","2013-02-27","2021-01-29",2000,5,5
"density","DAX","STAR_SV","2021-03","2013-03-27","2021-02-26",2000,5,5
"density","DAX","STAR_SV","2021-04","2013-05-02","2021-03-31",2000,5,5
"density","DAX","STAR_SV","2021-05","2013-05-30","2021-04-30",2000,5,5
"density","DAX","STAR_SV","2021-06","2013-06-27","2021-05-31",2000,5,5
"density","DAX","STAR_SV","2021-07","2013-07-29","2021-06-30",2000,5,5
"density","DAX","STAR_SV","2021-08","2013-08-28","2021-07-30",2000,5,5
"density","DAX","STAR_SV","2021-09","2013-09-27","2021-08-31",2000,5,5
"density","DAX","STAR_SV","2021-10","2013-10-30","2021-09-30",2000,5,5
"density","DAX","STAR_SV","2021-11","2013-11-28","2021-10-29",2000,5,5
"density","DAX","STAR_SV","2021-12","2014-01-06","2021-11-30",2000,5,5
"density","DAX","STAR_SV","2022-01","2014-02-04","2021-12-30",2000,5,5
"density","DAX","STAR_SV","2022-02","2014-03-05","2022-01-31",2000,5,5
"density","DAX","STAR_SV","2022-03","2014-04-02","2022-02-28",2000,5,5
"density","DAX","STAR_SV","2022-04","2014-05-08","2022-03-31",2000,5,5
"density","DAX","STAR_SV","2022-05","2014-06-04","2022-04-29",2000,5,5
"density","DAX","STAR_SV","2022-06","2014-07-04","2022-05-31",2000,5,5
"density","DAX","STAR_SV","2022-07","2014-08-05","2022-06-30",2000,5,5
"density","DAX","STAR_SV","2022-08","2014-09-03","2022-07-29",2000,5,5
"density","DAX","STAR_SV","2022-09","2014-10-07","2022-08-31",2000,5,5
"density","DAX","STAR_SV","2022-10","2014-11-06","2022-09-30",2000,5,5
"density","DAX","STAR_SV","2022-11","2014-12-05","2022-10-31",2000,5,5
"density","DAX","STAR_SV","2022-12","2015-01-13","2022-11-30",2000,5,5
"density","DAX","STAR_SV","2023-01","2015-02-11","2022-12-30",2000,5,5
"density","DAX","STAR_SV","2023-02","2015-03-13","2023-01-31",2000,5,5
"density","DAX","STAR_SV","2023-03","2015-04-14","2023-02-28",2000,5,5
"density","DAX","STAR_SV","2023-04","2015-05-18","2023-03-31",2000,5,5
"density","DAX","STAR_SV","2023-05","2015-06-12","2023-04-28",2000,5,5
"density","DAX","STAR_SV","2023-06","2015-07-14","2023-05-31",2000,5,5
"density","DAX","STAR_SV","2023-07","2015-08-13","2023-06-30",2000,5,5
"density","DAX","STAR_SV","2023-08","2015-09-11","2023-07-31",2000,5,5
"density","DAX","STAR_SV","2023-09","2015-10-14","2023-08-31",2000,5,5
"density","DAX","STAR_SV","2023-10","2015-11-12","2023-09-29",2000,5,5
"density","DAX","STAR_SV","2023-11","2015-12-14","2023-10-31",2000,5,5
"density","DAX","STAR_SV","2023-12","2016-01-19","2023-11-30",2000,5,5
"holdout","DAX","ARSV","2024-01","2016-02-15","2023-12-29",2000,5,
"holdout","DAX","ARSV","2024-02","2016-03-16","2024-01-31",2000,5,
"holdout","DAX","ARSV","2024-03","2016-04-18","2024-02-29",2000,5,
"holdout","DAX","ARSV","2024-04","2016-05-17","2024-03-28",2000,5,
"holdout","DAX","ARSV","2024-05","2016-06-15","2024-04-30",2000,5,
"holdout","DAX","ARSV","2024-06","2016-07-15","2024-05-31",2000,5,
"holdout","DAX","ARSV","2024-07","2016-08-12","2024-06-28",2000,5,
"holdout","DAX","ARSV","2024-08","2016-09-14","2024-07-31",2000,5,
"holdout","DAX","ARSV","2024-09","2016-10-17","2024-08-30",2000,5,
"holdout","DAX","ARSV","2024-10","2016-11-15","2024-09-30",2000,5,
"holdout","DAX","ARSV","2024-11","2016-12-16","2024-10-31",2000,5,
"holdout","DAX","ARSV","2024-12","2017-01-17","2024-11-29",2000,5,
"holdout","DAX","ARSV","2025-01","2017-02-10","2024-12-30",2000,5,
"holdout","DAX","ARSV","2025-02","2017-03-14","2025-01-31",2000,5,
"holdout","DAX","ARSV","2025-03","2017-04-11","2025-02-28",2000,5,
"holdout","DAX","ARSV","2025-04","2017-05-15","2025-03-31",2000,5,
"holdout","DAX","ARSV","2025-05","2017-06-13","2025-04-30",2000,5,
"holdout","DAX","ARSV","2025-06","2017-07-12","2025-05-30",2000,5,
"holdout","DAX","ARSV","2025-07","2017-08-10","2025-06-30",2000,5,
"holdout","DAX","ARSV","2025-08","2017-09-12","2025-07-31",2000,5,
"holdout","DAX","ARSV","2025-09","2017-10-12","2025-08-29",2000,5,
"holdout","DAX","ARSV","2025-10","2017-11-14","2025-09-30",2000,5,
"holdout","DAX","ARSV","2025-11","2017-12-15","2025-10-31",2000,5,
"holdout","DAX","ARSV","2025-12","2018-01-17","2025-11-28",2000,5,
"holdout","DAX","STAR_SV","2024-01","2016-02-15","2023-12-29",2000,5,5
"holdout","DAX","STAR_SV","2024-02","2016-03-16","2024-01-31",2000,5,5
"holdout","DAX","STAR_SV","2024-03","2016-04-18","2024-02-29",2000,5,5
"holdout","DAX","STAR_SV","2024-04","2016-05-17","2024-03-28",2000,5,5
"holdout","DAX","STAR_SV","2024-05","2016-06-15","2024-04-30",2000,5,5
"holdout","DAX","STAR_SV","2024-06","2016-07-15","2024-05-31",2000,5,5
"holdout","DAX","STAR_SV","2024-07","2016-08-12","2024-06-28",2000,5,5
"holdout","DAX","STAR_SV","2024-08","2016-09-14","2024-07-31",2000,5,5
"holdout","DAX","STAR_SV","2024-09","2016-10-17","2024-08-30",2000,5,5
"holdout","DAX","STAR_SV","2024-10","2016-11-15","2024-09-30",2000,5,5
"holdout","DAX","STAR_SV","2024-11","2016-12-16","2024-10-31",2000,5,5
"holdout","DAX","STAR_SV","2024-12","2017-01-17","2024-11-29",2000,5,5
"holdout","DAX","STAR_SV","2025-01","2017-02-10","2024-12-30",2000,5,5
"holdout","DAX","STAR_SV","2025-02","2017-03-14","2025-01-31",2000,5,5
"holdout","DAX","STAR_SV","2025-03","2017-04-11","2025-02-28",2000,5,5
"holdout","DAX","STAR_SV","2025-04","2017-05-15","2025-03-31",2000,5,5
"holdout","DAX","STAR_SV","2025-05","2017-06-13","2025-04-30",2000,5,5
"holdout","DAX","STAR_SV","2025-06","2017-07-12","2025-05-30",2000,5,5
"holdout","DAX","STAR_SV","2025-07","2017-08-10","2025-06-30",2000,5,5
"holdout","DAX","STAR_SV","2025-08","2017-09-12","2025-07-31",2000,5,5
"holdout","DAX","STAR_SV","2025-09","2017-10-12","2025-08-29",2000,5,5
"holdout","DAX","STAR_SV","2025-10","2017-11-14","2025-09-30",2000,5,5
"holdout","DAX","STAR_SV","2025-11","2017-12-15","2025-10-31",2000,5,5
"holdout","DAX","STAR_SV","2025-12","2018-01-17","2025-11-28",2000,5,5
"holdout","NIKKEI","ARSV","2024-01","2015-10-27","2023-12-29",2000,5,
"holdout","NIKKEI","ARSV","2024-02","2015-11-25","2024-01-31",2000,5,
"holdout","NIKKEI","ARSV","2024-03","2015-12-22","2024-02-29",2000,5,
"holdout","NIKKEI","ARSV","2024-05","2016-02-24","2024-04-30",2000,5,
"holdout","NIKKEI","ARSV","2024-06","2016-03-25","2024-05-31",2000,5,
"holdout","NIKKEI","ARSV","2024-07","2016-04-22","2024-06-28",2000,5,
"holdout","NIKKEI","ARSV","2024-08","2016-05-30","2024-07-31",2000,5,
"holdout","NIKKEI","ARSV","2024-09","2016-06-28","2024-08-30",2000,5,
"holdout","NIKKEI","ARSV","2024-11","2016-08-26","2024-10-31",2000,5,
"holdout","NIKKEI","ARSV","2024-12","2016-09-27","2024-11-29",2000,5,
"holdout","NIKKEI","ARSV","2025-01","2016-10-27","2024-12-30",2000,5,
"holdout","NIKKEI","ARSV","2025-02","2016-11-25","2025-01-31",2000,5,
"holdout","NIKKEI","ARSV","2025-03","2016-12-21","2025-02-28",2000,5,
"holdout","NIKKEI","ARSV","2025-04","2017-01-24","2025-03-31",2000,5,
"holdout","NIKKEI","ARSV","2025-05","2017-02-22","2025-04-30",2000,5,
"holdout","NIKKEI","ARSV","2025-06","2017-03-23","2025-05-30",2000,5,
"holdout","NIKKEI","ARSV","2025-07","2017-04-21","2025-06-30",2000,5,
"holdout","NIKKEI","ARSV","2025-09","2017-06-23","2025-08-29",2000,5,
"holdout","NIKKEI","ARSV","2025-10","2017-07-24","2025-09-30",2000,5,
"holdout","NIKKEI","ARSV","2025-11","2017-08-24","2025-10-31",2000,5,
"holdout","NIKKEI","ARSV","2025-12","2017-09-20","2025-11-28",2000,5,
"holdout","NIKKEI","STAR_SV","2024-01","2015-10-27","2023-12-29",2000,5,10
"holdout","NIKKEI","STAR_SV","2024-02","2015-11-25","2024-01-31",2000,5,10
"holdout","NIKKEI","STAR_SV","2024-03","2015-12-22","2024-02-29",2000,5,10
"holdout","NIKKEI","STAR_SV","2024-05","2016-02-24","2024-04-30",2000,5,10
"holdout","NIKKEI","STAR_SV","2024-06","2016-03-25","2024-05-31",2000,5,10
"holdout","NIKKEI","STAR_SV","2024-07","2016-04-22","2024-06-28",2000,5,10
"holdout","NIKKEI","STAR_SV","2024-08","2016-05-30","2024-07-31",2000,5,10
"holdout","NIKKEI","STAR_SV","2024-09","2016-06-28","2024-08-30",2000,5,10
"holdout","NIKKEI","STAR_SV","2024-11","2016-08-26","2024-10-31",2000,5,10
"holdout","NIKKEI","STAR_SV","2024-12","2016-09-27","2024-11-29",2000,5,10
"holdout","NIKKEI","STAR_SV","2025-01","2016-10-27","2024-12-30",2000,5,10
"holdout","NIKKEI","STAR_SV","2025-02","2016-11-25","2025-01-31",2000,5,10
"holdout","NIKKEI","STAR_SV","2025-03","2016-12-21","2025-02-28",2000,5,10
"holdout","NIKKEI","STAR_SV","2025-04","2017-01-24","2025-03-31",2000,5,10
"holdout","NIKKEI","STAR_SV","2025-05","2017-02-22","2025-04-30",2000,5,10
"holdout","NIKKEI","STAR_SV","2025-06","2017-03-23","2025-05-30",2000,5,10
"holdout","NIKKEI","STAR_SV","2025-07","2017-04-21","2025-06-30",2000,5,10
"holdout","NIKKEI","STAR_SV","2025-09","2017-06-23","2025-08-29",2000,5,10
"holdout","NIKKEI","STAR_SV","2025-10","2017-07-24","2025-09-30",2000,5,10
"holdout","NIKKEI","STAR_SV","2025-11","2017-08-24","2025-10-31",2000,5,10
"holdout","NIKKEI","STAR_SV","2025-12","2017-09-20","2025-11-28",2000,5,10
