"analysis","market","model","month","parameter","estimate"
"density","DAX","ARSV","2018-01","mu_y",0.08486630465
"density","DAX","ARSV","2018-01","phi_y",0.0183943550727775
"density","DAX","ARSV","2018-01","mu_h",0.090780435016225
"density","DAX","ARSV","2018-01","phi_h",0.97999042125
"density","DAX","ARSV","2018-01","sigma_eta",0.17072906525
"density","DAX","ARSV","2018-01","nu",9.3345946025
"density","DAX","ARSV","2018-02","mu_y",0.082164783625
"density","DAX","ARSV","2018-02","phi_y",0.020527646171975
"density","DAX","ARSV","2018-02","mu_h",0.080973433283
"density","DAX","ARSV","2018-02","phi_h",0.98055842425
"density","DAX","ARSV","2018-02","sigma_eta",0.1687102285
"density","DAX","ARSV","2018-02","nu",9.36994107
"density","DAX","ARSV","2018-03","mu_y",0.07819375655
"density","DAX","ARSV","2018-03","phi_y",0.018790210236575
"density","DAX","ARSV","2018-03","mu_h",0.116648509354925
"density","DAX","ARSV","2018-03","phi_h",0.9804063835
"density","DAX","ARSV","2018-03","sigma_eta",0.1700940825
"density","DAX","ARSV","2018-03","nu",9.40808966
"density","DAX","ARSV","2018-04","mu_y",0.077708190575
"density","DAX","ARSV","2018-04","phi_y",0.021255342284075
"density","DAX","ARSV","2018-04","mu_h",0.140538096880025
"density","DAX","ARSV","2018-04","phi_h",0.98126284825
"density","DAX","ARSV","2018-04","sigma_eta",0.163578327
"density","DAX","ARSV","2018-04","nu",9.458362745
"density","DAX","ARSV","2018-05","mu_y",0.079099083125
"density","DAX","ARSV","2018-05","phi_y",0.016501666557445
"density","DAX","ARSV","2018-05","mu_h",0.08415686831675
"density","DAX","ARSV","2018-05","phi_h",0.98053043725
"density","DAX","ARSV","2018-05","sigma_eta",0.1654015375
"density","DAX","ARSV","2018-05","nu",9.2534301325
"density","DAX","ARSV","2018-06","mu_y",0.07844005485
"density","DAX","ARSV","2018-06","phi_y",0.0127990252051325
"density","DAX","ARSV","2018-06","mu_h",0.08863605352275
"density","DAX","ARSV","2018-06","phi_h",0.98055655325
"density","DAX","ARSV","2018-06","sigma_eta",0.164735175
"density","DAX","ARSV","2018-06","nu",9.5463689675
"density","DAX","ARSV","2018-07","mu_y",0.07750047565
"density","DAX","ARSV","2018-07","phi_y",0.00934695547505
"density","DAX","ARSV","2018-07","mu_h",0.09550096788465
"density","DAX","ARSV","2018-07","phi_h",0.98014082225
"density","DAX","ARSV","2018-07","sigma_eta",0.16725773275
"density","DAX","ARSV","2018-07","nu",9.76109616
"density","DAX","ARSV","2018-08","mu_y",0.08064657565
"density","DAX","ARSV","2018-08","phi_y",0.0032905722251675
"density","DAX","ARSV","2018-08","mu_h",0.055137755869075
"density","DAX","ARSV","2018-08","phi_h",0.98039438275
"density","DAX","ARSV","2018-08","sigma_eta",0.166510996
"density","DAX","ARSV","2018-08","nu",9.940944695
"density","DAX","ARSV","2018-09","mu_y",0.0784174724
"density","DAX","ARSV","2018-09","phi_y",0.0041649015294535
"density","DAX","ARSV","2018-09","mu_h",0.0559502397241525
"density","DAX","ARSV","2018-09","phi_h",0.98020911525
"density","DAX","ARSV","2018-09","sigma_eta",0.16699250775
"density","DAX","ARSV","2018-09","nu",9.730801795
"density","DAX","ARSV","2018-10","mu_y",0.07442349265
"density","DAX","ARSV","2018-10","phi_y",0.0083017463199175
"density","DAX","ARSV","2018-10","mu_h",0.0672198297425
"density","DAX","ARSV","2018-10","phi_h",0.9806325275
"density","DAX","ARSV","2018-10","sigma_eta",0.1653094285
"density","DAX","ARSV","2018-10","nu",9.9477826075
"density","DAX","ARSV","2018-11","mu_y",0.0703618231
"density","DAX","ARSV","2018-11","phi_y",0.0091060474546575
"density","DAX","ARSV","2018-11","mu_h",0.052834724914555
"density","DAX","ARSV","2018-11","phi_h",0.98118548275
"density","DAX","ARSV","2018-11","sigma_eta",0.16437148175
"density","DAX","ARSV","2018-11","nu",10.352189125
"density","DAX","ARSV","2018-12","mu_y",0.06991370275
"density","DAX","ARSV","2018-12","phi_y",0.0073673881569825
"density","DAX","ARSV","2018-12","mu_h",0.0635822093655
"density","DAX","ARSV","2018-12","phi_h",0.98106197725
"density","DAX","ARSV","2018-12","sigma_eta",0.161980543
"density","DAX","ARSV","2018-12","nu",10.1738770425
"density","DAX","ARSV","2019-01","mu_y",0.067464193175
"density","DAX","ARSV","2019-01","phi_y",0.00810886416460425
"density","DAX","ARSV","2019-01","mu_h",0.08992758802865
"density","DAX","ARSV","2019-01","phi_h",0.981083444
"density","DAX","ARSV","2019-01","sigma_eta",0.16291300375
"density","DAX","ARSV","2019-01","nu",10.2512994725
"density","DAX","ARSV","2019-02","mu_y",0.06757681915
"density","DAX","ARSV","2019-02","phi_y",0.0029111333745875
"density","DAX","ARSV","2019-02","mu_h",0.11003184409475
"density","DAX","ARSV","2019-02","phi_h",0.982157963
"density","DAX","ARSV","2019-02","sigma_eta",0.156455236
"density","DAX","ARSV","2019-02","nu",9.6451332775
"density","DAX","ARSV","2019-03","mu_y",0.06941886155
"density","DAX","ARSV","2019-03","phi_y",0.0019146484995775
"density","DAX","ARSV","2019-03","mu_h",0.0767218162435
"density","DAX","ARSV","2019-03","phi_h",0.98194850775
"density","DAX","ARSV","2019-03","sigma_eta",0.15816787875
"density","DAX","ARSV","2019-03","nu",9.364606345
"density","DAX","ARSV","2019-04","mu_y",0.068665746175
"density","DAX","ARSV","2019-04","phi_y",0.001379618667184
"density","DAX","ARSV","2019-04","mu_h",0.079862176286275
"density","DAX","ARSV","2019-04","phi_h",0.98168729375
"density","DAX","ARSV","2019-04","sigma_eta",0.159451135
"density","DAX","ARSV","2019-04","nu",9.5777066575
"density","DAX","ARSV","2019-05","mu_y",0.077111056275
"density","DAX","ARSV","2019-05","phi_y",0.006502025951025
"density","DAX","ARSV","2019-05","mu_h",0.0372756413642975
"density","DAX","ARSV","2019-05","phi_h",0.981408041
"density","DAX","ARSV","2019-05","sigma_eta",0.165875911
"density","DAX","ARSV","2019-05","nu",9.4423220375
"density","DAX","ARSV","2019-06","mu_y",0.072705715525
"density","DAX","ARSV","2019-06","phi_y",0.0032522733317775
"density","DAX","ARSV","2019-06","mu_h",0.08681152267165
"density","DAX","ARSV","2019-06","phi_h",0.98002931975
"density","DAX","ARSV","2019-06","sigma_eta",0.1685858905
"density","DAX","ARSV","2019-06","nu",9.64326282
"density","DAX","ARSV","2019-07","mu_y",0.074306758325
"density","DAX","ARSV","2019-07","phi_y",-0.000155264402785
"density","DAX","ARSV","2019-07","mu_h",0.12069286544125
"density","DAX","ARSV","2019-07","phi_h",0.98497852025
"density","DAX","ARSV","2019-07","sigma_eta",0.151768404
"density","DAX","ARSV","2019-07","nu",9.2764880325
"density","DAX","ARSV","2019-08","mu_y",0.074583811
"density","DAX","ARSV","2019-08","phi_y",-0.00178771910792975
"density","DAX","ARSV","2019-08","mu_h",0.0898466363607875
"density","DAX","ARSV","2019-08","phi_h",0.982421781
"density","DAX","ARSV","2019-08","sigma_eta",0.1588778545
"density","DAX","ARSV","2019-08","nu",9.1980796275
"density","DAX","ARSV","2019-09","mu_y",0.076026081575
"density","DAX","ARSV","2019-09","phi_y",-0.0036772073691225
"density","DAX","ARSV","2019-09","mu_h",0.060483216001075
"density","DAX","ARSV","2019-09","phi_h",0.977431144
"density","DAX","ARSV","2019-09","sigma_eta",0.17209153525
"density","DAX","ARSV","2019-09","nu",9.3125425225
"density","DAX","ARSV","2019-10","mu_y",0.079053882175
"density","DAX","ARSV","2019-10","phi_y",0.000959118806525
"density","DAX","ARSV","2019-10","mu_h",-0.0125171112214
"density","DAX","ARSV","2019-10","phi_h",0.97357673575
"density","DAX","ARSV","2019-10","sigma_eta",0.179393064
"density","DAX","ARSV","2019-10","nu",9.6096797875
"density","DAX","ARSV","2019-11","mu_y",0.08153809925
"density","DAX","ARSV","2019-11","phi_y",-0.0032035370142225
"density","DAX","ARSV","2019-11","mu_h",-0.0475582454339725
"density","DAX","ARSV","2019-11","phi_h",0.96822712975
"density","DAX","ARSV","2019-11","sigma_eta",0.1930268185
"density","DAX","ARSV","2019-11","nu",9.286117645
"density","DAX","ARSV","2019-12","mu_y",0.081555712
"density","DAX","ARSV","2019-12","phi_y",-0.00231839495677
"density","DAX","ARSV","2019-12","mu_h",-0.084498970202425
"density","DAX","ARSV","2019-12","phi_h",0.9699428535
"density","DAX","ARSV","2019-12","sigma_eta",0.1894085535
"density","DAX","ARSV","2019-12","nu",9.27033429
"density","DAX","ARSV","2020-01","mu_y",0.0798289664
"density","DAX","ARSV","2020-01","phi_y",-0.0026760682444875
"density","DAX","ARSV","2020-01","mu_h",-0.077767402560575
"density","DAX","ARSV","2020-01","phi_h",0.96913335775
"density","DAX","ARSV","2020-01","sigma_eta",0.18917135075
"density","DAX","ARSV","2020-01","nu",9.13404388
"density","DAX","ARSV","2020-02","mu_y",0.07899621615
"density","DAX","ARSV","2020-02","phi_y",-0.00547755818299575
"density","DAX","ARSV","2020-02","mu_h",-0.062279720851375
"density","DAX","ARSV","2020-02","phi_h",0.96778341925
"density","DAX","ARSV","2020-02","sigma_eta",0.19430782425
"density","DAX","ARSV","2020-02","nu",9.2479609775
"density","DAX","ARSV","2020-03","mu_y",0.078444494475
"density","DAX","ARSV","2020-03","phi_y",-0.0014490889344665
"density","DAX","ARSV","2020-03","mu_h",-0.0466784353942975
"density","DAX","ARSV","2020-03","phi_h",0.9658641375
"density","DAX","ARSV","2020-03","sigma_eta",0.2062111625
"density","DAX","ARSV","2020-03","nu",9.528910145
"density","DAX","ARSV","2020-04","mu_y",0.0802003388
"density","DAX","ARSV","2020-04","phi_y",-0.0010612437952375
"density","DAX","ARSV","2020-04","mu_h",-0.0214618901032625
"density","DAX","ARSV","2020-04","phi_h",0.96648625325
"density","DAX","ARSV","2020-04","sigma_eta",0.222325306
"density","DAX","ARSV","2020-04","nu",9.0269184525
"density","DAX","ARSV","2020-05","mu_y",0.082200887725
"density","DAX","ARSV","2020-05","phi_y",-0.00192034845554
"density","DAX","ARSV","2020-05","mu_h",-0.00031257011925
"density","DAX","ARSV","2020-05","phi_h",0.97004943525
"density","DAX","ARSV","2020-05","sigma_eta",0.2145378705
"density","DAX","ARSV","2020-05","nu",9.00009904
"density","DAX","ARSV","2020-06","mu_y",0.082979202225
"density","DAX","ARSV","2020-06","phi_y",-0.0044906028604425
"density","DAX","ARSV","2020-06","mu_h",0.003390169018525
"density","DAX","ARSV","2020-06","phi_h",0.97114808675
"density","DAX","ARSV","2020-06","sigma_eta",0.210521196
"density","DAX","ARSV","2020-06","nu",8.964116255
"density","DAX","ARSV","2020-07","mu_y",0.0832113781625
"density","DAX","ARSV","2020-07","phi_y",-0.0081658926515875
"density","DAX","ARSV","2020-07","mu_h",0.00488733128475875
"density","DAX","ARSV","2020-07","phi_h",0.972473635875
"density","DAX","ARSV","2020-07","sigma_eta",0.2069050575
"density","DAX","ARSV","2020-07","nu",8.852661675
"density","DAX","ARSV","2020-08","mu_y",0.081296696325
"density","DAX","ARSV","2020-08","phi_y",-0.011342036527425
"density","DAX","ARSV","2020-08","mu_h",-0.0008899336571705
"density","DAX","ARSV","2020-08","phi_h",0.97329220025
"density","DAX","ARSV","2020-08","sigma_eta",0.202355081
"density","DAX","ARSV","2020-08","nu",8.8038133525
"density","DAX","ARSV","2020-09","mu_y",0.08000582415
"density","DAX","ARSV","2020-09","phi_y",-0.0101807009804892
"density","DAX","ARSV","2020-09","mu_h",-0.009592171432325
"density","DAX","ARSV","2020-09","phi_h",0.97329673375
"density","DAX","ARSV","2020-09","sigma_eta",0.20166522225
"density","DAX","ARSV","2020-09","nu",8.7375336225
"density","DAX","ARSV","2020-10","mu_y",0.08108792015
"density","DAX","ARSV","2020-10","phi_y",-0.01374116410179
"density","DAX","ARSV","2020-10","mu_h",0.00318408041025
"density","DAX","ARSV","2020-10","phi_h",0.97332721325
"density","DAX","ARSV","2020-10","sigma_eta",0.202603348
"density","DAX","ARSV","2020-10","nu",8.26008612
"density","DAX","ARSV","2020-11","mu_y",0.08043366
"density","DAX","ARSV","2020-11","phi_y",-0.0150852467556443
"density","DAX","ARSV","2020-11","mu_h",0.003087428477505
"density","DAX","ARSV","2020-11","phi_h",0.9749969605
"density","DAX","ARSV","2020-11","sigma_eta",0.19932015075
"density","DAX","ARSV","2020-11","nu",7.86792276
"density","DAX","ARSV","2020-12","mu_y",0.07930281325
"density","DAX","ARSV","2020-12","phi_y",-0.011478395990855
"density","DAX","ARSV","2020-12","mu_h",0.00877565593315
"density","DAX","ARSV","2020-12","phi_h",0.97044355225
"density","DAX","ARSV","2020-12","sigma_eta",0.21510299075
"density","DAX","ARSV","2020-12","nu",8.1076115525
"density","DAX","ARSV","2021-01","mu_y",0.080678729725
"density","DAX","ARSV","2021-01","phi_y",-0.0086081727383375
"density","DAX","ARSV","2021-01","mu_h",0.02791438761085
"density","DAX","ARSV","2021-01","phi_h",0.969425124875
"density","DAX","ARSV","2021-01","sigma_eta",0.218349745125
"density","DAX","ARSV","2021-01","nu",8.402573995
"density","DAX","ARSV","2021-02","mu_y",0.080987689425
"density","DAX","ARSV","2021-02","phi_y",-0.0075717759998875
"density","DAX","ARSV","2021-02","mu_h",0.02360279160252
"density","DAX","ARSV","2021-02","phi_h",0.969746102
"density","DAX","ARSV","2021-02","sigma_eta",0.217233743875
"density","DAX","ARSV","2021-02","nu",8.41680833
"density","DAX","ARSV","2021-03","mu_y",0.0803160637
"density","DAX","ARSV","2021-03","phi_y",-0.008556968177415
"density","DAX","ARSV","2021-03","mu_h",0.02197495486675
"density","DAX","ARSV","2021-03","phi_h",0.96985921775
"density","DAX","ARSV","2021-03","sigma_eta",0.217203486
"density","DAX","ARSV","2021-03","nu",8.6536562875
"density","DAX","ARSV","2021-04","mu_y",0.0836128100125
"density","DAX","ARSV","2021-04","phi_y",-0.013217633909965
"density","DAX","ARSV","2021-04","mu_h",0.00315170210190875
"density","DAX","ARSV","2021-04","phi_h",0.9703343815
"density","DAX","ARSV","2021-04","sigma_eta",0.215348600125
"density","DAX","ARSV","2021-04","nu",8.17147355125
"density","DAX","ARSV","2021-05","mu_y",0.08049240485
"density","DAX","ARSV","2021-05","phi_y",-0.0141109551711325
"density","DAX","ARSV","2021-05","mu_h",0.00271487458655
"density","DAX","ARSV","2021-05","phi_h",0.97154024625
"density","DAX","ARSV","2021-05","sigma_eta",0.21159233875
"density","DAX","ARSV","2021-05","nu",8.08135
"density","DAX","ARSV","2021-06","mu_y",0.0832146934
"density","DAX","ARSV","2021-06","phi_y",-0.0231559914308875
"density","DAX","ARSV","2021-06","mu_h",0.0068980223671
"density","DAX","ARSV","2021-06","phi_h",0.97038513525
"density","DAX","ARSV","2021-06","sigma_eta",0.21494065075
"density","DAX","ARSV","2021-06","nu",7.895880255
"density","DAX","ARSV","2021-07","mu_y",0.082490670225
"density","DAX","ARSV","2021-07","phi_y",-0.02553057957735
"density","DAX","ARSV","2021-07","mu_h",-0.012011168665125
"density","DAX","ARSV","2021-07","phi_h",0.97111590775
"density","DAX","ARSV","2021-07","sigma_eta",0.21378720075
"density","DAX","ARSV","2021-07","nu",7.637238085
"density","DAX","ARSV","2021-08","mu_y",0.08308113655
"density","DAX","ARSV","2021-08","phi_y",-0.03016485133575
"density","DAX","ARSV","2021-08","mu_h",-0.000292567911375
"density","DAX","ARSV","2021-08","phi_h",0.9703147105
"density","DAX","ARSV","2021-08","sigma_eta",0.21575569525
"density","DAX","ARSV","2021-08","nu",7.855592755
"density","DAX","ARSV","2021-09","mu_y",0.08297415865
"density","DAX","ARSV","2021-09","phi_y",-0.0276511245858
"density","DAX","ARSV","2021-09","mu_h",-0.0362152149052
"density","DAX","ARSV","2021-09","phi_h",0.97013949275
"density","DAX","ARSV","2021-09","sigma_eta",0.22186696475
"density","DAX","ARSV","2021-09","nu",7.8726513575
"density","DAX","ARSV","2021-10","mu_y",0.079123988075
"density","DAX","ARSV","2021-10","phi_y",-0.02739173776375
"density","DAX","ARSV","2021-10","mu_h",-0.021268283485275
"density","DAX","ARSV","2021-10","phi_h",0.96844838675
"density","DAX","ARSV","2021-10","sigma_eta",0.22852414225
"density","DAX","ARSV","2021-10","nu",7.8686851925
"density","DAX","ARSV","2021-11","mu_y",0.077649199975
"density","DAX","ARSV","2021-11","phi_y",-0.0281216566544
"density","DAX","ARSV","2021-11","mu_h",-0.003971160349075
"density","DAX","ARSV","2021-11","phi_h",0.96806136375
"density","DAX","ARSV","2021-11","sigma_eta",0.22427600025
"density","DAX","ARSV","2021-11","nu",7.9254086675
"density","DAX","ARSV","2021-12","mu_y",0.07897936005
"density","DAX","ARSV","2021-12","phi_y",-0.0287731786555
"density","DAX","ARSV","2021-12","mu_h",-0.0047060498976
"density","DAX","ARSV","2021-12","phi_h",0.96526583375
"density","DAX","ARSV","2021-12","sigma_eta",0.23989460275
"density","DAX","ARSV","2021-12","nu",7.3748875225
"density","DAX","ARSV","2022-01","mu_y",0.0822054611
"density","DAX","ARSV","2022-01","phi_y",-0.032617849371
"density","DAX","ARSV","2022-01","mu_h",-0.005846333847275
"density","DAX","ARSV","2022-01","phi_h",0.96237207375
"density","DAX","ARSV","2022-01","sigma_eta",0.25140315
"density","DAX","ARSV","2022-01","nu",8.00384555
"density","DAX","ARSV","2022-02","mu_y",0.07989204495
"density","DAX","ARSV","2022-02","phi_y",-0.0295752769957
"density","DAX","ARSV","2022-02","mu_h",0.014105633828755
"density","DAX","ARSV","2022-02","phi_h",0.96368793325
"density","DAX","ARSV","2022-02","sigma_eta",0.24591176625
"density","DAX","ARSV","2022-02","nu",8.176571925
"density","DAX","ARSV","2022-03","mu_y",0.0784328700625
"density","DAX","ARSV","2022-03","phi_y",-0.031504356943375
"density","DAX","ARSV","2022-03","mu_h",0.0256533558947125
"density","DAX","ARSV","2022-03","phi_h",0.964395067625
"density","DAX","ARSV","2022-03","sigma_eta",0.2463292945
"density","DAX","ARSV","2022-03","nu",8.10131341625
"density","DAX","ARSV","2022-04","mu_y",0.0797594453
"density","DAX","ARSV","2022-04","phi_y",-0.03278209881325
"density","DAX","ARSV","2022-04","mu_h",0.03805624859775
"density","DAX","ARSV","2022-04","phi_h",0.965146058
"density","DAX","ARSV","2022-04","sigma_eta",0.248595252
"density","DAX","ARSV","2022-04","nu",7.9795963575
"density","DAX","ARSV","2022-05","mu_y",0.0766453517625
"density","DAX","ARSV","2022-05","phi_y",-0.0326023165735388
"density","DAX","ARSV","2022-05","mu_h",0.0329450006572
"density","DAX","ARSV","2022-05","phi_h",0.9654115795
"density","DAX","ARSV","2022-05","sigma_eta",0.246048888375
"density","DAX","ARSV","2022-05","nu",8.04844617
"density","DAX","ARSV","2022-06","mu_y",0.077510231575
"density","DAX","ARSV","2022-06","phi_y",-0.0351887040825
"density","DAX","ARSV","2022-06","mu_h",0.079981298275575
"density","DAX","ARSV","2022-06","phi_h",0.96662845975
"density","DAX","ARSV","2022-06","sigma_eta",0.23591296625
"density","DAX","ARSV","2022-06","nu",8.1449582275
"density","DAX","ARSV","2022-07","mu_y",0.0790571759
"density","DAX","ARSV","2022-07","phi_y",-0.0340575019125
"density","DAX","ARSV","2022-07","mu_h",0.09143136038145
"density","DAX","ARSV","2022-07","phi_h",0.9668632535
"density","DAX","ARSV","2022-07","sigma_eta",0.23643152225
"density","DAX","ARSV","2022-07","nu",8.0745579625
"density","DAX","ARSV","2022-08","mu_y",0.07920674205
"density","DAX","ARSV","2022-08","phi_y",-0.03160485416225
"density","DAX","ARSV","2022-08","mu_h",0.083323433726125
"density","DAX","ARSV","2022-08","phi_h",0.96706078225
"density","DAX","ARSV","2022-08","sigma_eta",0.2359522445
"density","DAX","ARSV","2022-08","nu",7.992182085
"density","DAX","ARSV","2022-09","mu_y",0.07961966425
"density","DAX","ARSV","2022-09","phi_y",-0.0347648663775
"density","DAX","ARSV","2022-09","mu_h",0.113530930975875
"density","DAX","ARSV","2022-09","phi_h",0.968728452
"density","DAX","ARSV","2022-09","sigma_eta",0.2290062985
"density","DAX","ARSV","2022-09","nu",7.82494308
"density","DAX","ARSV","2022-10","mu_y",0.078417882675
"density","DAX","ARSV","2022-10","phi_y",-0.0351153319775
"density","DAX","ARSV","2022-10","mu_h",0.100986753923205
"density","DAX","ARSV","2022-10","phi_h",0.96800460925
"density","DAX","ARSV","2022-10","sigma_eta",0.23171422575
"density","DAX","ARSV","2022-10","nu",7.9763589825
"density","DAX","ARSV","2022-11","mu_y",0.079081711525
"density","DAX","ARSV","2022-11","phi_y",-0.0317501883689125
"density","DAX","ARSV","2022-11","mu_h",0.107975745428037
"density","DAX","ARSV","2022-11","phi_h",0.968921669
"density","DAX","ARSV","2022-11","sigma_eta",0.229827261875
"density","DAX","ARSV","2022-11","nu",8.09601268
"density","DAX","ARSV","2022-12","mu_y",0.080956023125
"density","DAX","ARSV","2022-12","phi_y",-0.02965506103975
"density","DAX","ARSV","2022-12","mu_h",0.089724978929225
"density","DAX","ARSV","2022-12","phi_h",0.968943586
"density","DAX","ARSV","2022-12","sigma_eta",0.22668573925
"density","DAX","ARSV","2022-12","nu",7.7568178025
"density","DAX","ARSV","2023-01","mu_y",0.07700921015
"density","DAX","ARSV","2023-01","phi_y",-0.0304537375175
"density","DAX","ARSV","2023-01","mu_h",0.08120223508465
"density","DAX","ARSV","2023-01","phi_h",0.96999049425
"density","DAX","ARSV","2023-01","sigma_eta",0.22228384425
"density","DAX","ARSV","2023-01","nu",7.40035528
"density","DAX","ARSV","2023-02","mu_y",0.07678409875
"density","DAX","ARSV","2023-02","phi_y",-0.032019195571
"density","DAX","ARSV","2023-02","mu_h",0.076412321863525
"density","DAX","ARSV","2023-02","phi_h",0.969555051
"density","DAX","ARSV","2023-02","sigma_eta",0.22708978025
"density","DAX","ARSV","2023-02","nu",7.3810404525
"density","DAX","ARSV","2023-03","mu_y",0.0761917247
"density","DAX","ARSV","2023-03","phi_y",-0.032559889882
"density","DAX","ARSV","2023-03","mu_h",0.0950204036257
"density","DAX","ARSV","2023-03","phi_h",0.9706096765
"density","DAX","ARSV","2023-03","sigma_eta",0.22088520175
"density","DAX","ARSV","2023-03","nu",7.034149065
"density","DAX","ARSV","2023-04","mu_y",0.0790615078
"density","DAX","ARSV","2023-04","phi_y",-0.03443815606375
"density","DAX","ARSV","2023-04","mu_h",0.089746421165225
"density","DAX","ARSV","2023-04","phi_h",0.967247095
"density","DAX","ARSV","2023-04","sigma_eta",0.23427334675
"density","DAX","ARSV","2023-04","nu",7.1714158975
"density","DAX","ARSV","2023-05","mu_y",0.082188710225
"density","DAX","ARSV","2023-05","phi_y",-0.0369138622675
"density","DAX","ARSV","2023-05","mu_h",0.0449993349315525
"density","DAX","ARSV","2023-05","phi_h",0.96376796
"density","DAX","ARSV","2023-05","sigma_eta",0.25254584
"density","DAX","ARSV","2023-05","nu",7.34337844
"density","DAX","ARSV","2023-06","mu_y",0.081030271675
"density","DAX","ARSV","2023-06","phi_y",-0.0415947193475
"density","DAX","ARSV","2023-06","mu_h",0.030187014385365
"density","DAX","ARSV","2023-06","phi_h",0.96177068225
"density","DAX","ARSV","2023-06","sigma_eta",0.25716784475
"density","DAX","ARSV","2023-06","nu",7.324687965
"density","DAX","ARSV","2023-07","mu_y",0.081714881875
"density","DAX","ARSV","2023-07","phi_y",-0.0405584270325
"density","DAX","ARSV","2023-07","mu_h",0.02192599779315
"density","DAX","ARSV","2023-07","phi_h",0.961659187
"density","DAX","ARSV","2023-07","sigma_eta",0.257929511
"density","DAX","ARSV","2023-07","nu",7.4797907875
"density","DAX","ARSV","2023-08","mu_y",0.082620741775
"density","DAX","ARSV","2023-08","phi_y",-0.03888724031375
"density","DAX","ARSV","2023-08","mu_h",-0.000735165773861251
"density","DAX","ARSV","2023-08","phi_h",0.96242358325
"density","DAX","ARSV","2023-08","sigma_eta",0.250524410375
"density","DAX","ARSV","2023-08","nu",7.03230178875
"density","DAX","ARSV","2023-09","mu_y",0.080322962075
"density","DAX","ARSV","2023-09","phi_y",-0.0353705713825
"density","DAX","ARSV","2023-09","mu_h",-0.01662012255335
"density","DAX","ARSV","2023-09","phi_h",0.963182128625
"density","DAX","ARSV","2023-09","sigma_eta",0.24516521175
"density","DAX","ARSV","2023-09","nu",7.1896061775
"density","DAX","ARSV","2023-10","mu_y",0.07490251845
"density","DAX","ARSV","2023-10","phi_y",-0.0331563466995
"density","DAX","ARSV","2023-10","mu_h",-0.027492523222825
"density","DAX","ARSV","2023-10","phi_h",0.96316091475
"density","DAX","ARSV","2023-10","sigma_eta",0.24573379275
"density","DAX","ARSV","2023-10","nu",7.3551405975
"density","DAX","ARSV","2023-11","mu_y",0.07321271345
"density","DAX","ARSV","2023-11","phi_y",-0.0345911620725
"density","DAX","ARSV","2023-11","mu_h",-0.026017916644795
"density","DAX","ARSV","2023-11","phi_h",0.96321993475
"density","DAX","ARSV","2023-11","sigma_eta",0.245067347
"density","DAX","ARSV","2023-11","nu",7.2852990475
"density","DAX","ARSV","2023-12","mu_y",0.079859302375
"density","DAX","ARSV","2023-12","phi_y",-0.03171473642925
"density","DAX","ARSV","2023-12","mu_h",-0.058629814560075
"density","DAX","ARSV","2023-12","phi_h",0.9603832975
"density","DAX","ARSV","2023-12","sigma_eta",0.25436713975
"density","DAX","ARSV","2023-12","nu",7.3693035425
"density","DAX","STAR_SV","2018-01","mu_y",0.0497642412375
"density","DAX","STAR_SV","2018-01","phi_y",0.0200013831754625
"density","DAX","STAR_SV","2018-01","mu_h",-2.07111673125
"density","DAX","STAR_SV","2018-01","phi_h",0.948337505
"density","DAX","STAR_SV","2018-01","sigma_eta",0.1320341747125
"density","DAX","STAR_SV","2018-01","nu",7.27067676875
"density","DAX","STAR_SV","2018-01","gamma_severe",-0.309764879
"density","DAX","STAR_SV","2018-01","gamma_mild",-0.23537458466
"density","DAX","STAR_SV","2018-02","mu_y",0.044817769195
"density","DAX","STAR_SV","2018-02","phi_y",0.02055910816525
"density","DAX","STAR_SV","2018-02","mu_h",-2.136288785
"density","DAX","STAR_SV","2018-02","phi_h",0.95048011475
"density","DAX","STAR_SV","2018-02","sigma_eta",0.1191028957
"density","DAX","STAR_SV","2018-02","nu",7.135874405
"density","DAX","STAR_SV","2018-02","gamma_severe",-0.3066306405
"density","DAX","STAR_SV","2018-02","gamma_mild",-0.2319269670825
"density","DAX","STAR_SV","2018-03","mu_y",0.03953588404375
"density","DAX","STAR_SV","2018-03","phi_y",0.02104335244035
"density","DAX","STAR_SV","2018-03","mu_h",-2.91546630625
"density","DAX","STAR_SV","2018-03","phi_h",0.9571868345
"density","DAX","STAR_SV","2018-03","sigma_eta",0.0602150616136638
"density","DAX","STAR_SV","2018-03","nu",5.97234640625
"density","DAX","STAR_SV","2018-03","gamma_severe",-0.355853752625
"density","DAX","STAR_SV","2018-03","gamma_mild",-0.28327922226125
"density","DAX","STAR_SV","2018-04","mu_y",0.03599387173
"density","DAX","STAR_SV","2018-04","phi_y",0.0225463582773025
"density","DAX","STAR_SV","2018-04","mu_h",-2.735727015
"density","DAX","STAR_SV","2018-04","phi_h",0.9590004825
"density","DAX","STAR_SV","2018-04","sigma_eta",0.06010309563465
"density","DAX","STAR_SV","2018-04","nu",5.8940574725
"density","DAX","STAR_SV","2018-04","gamma_severe",-0.322784087
"density","DAX","STAR_SV","2018-04","gamma_mild",-0.254561005975
"density","DAX","STAR_SV","2018-05","mu_y",0.04316979805
"density","DAX","STAR_SV","2018-05","phi_y",0.0191923004808325
"density","DAX","STAR_SV","2018-05","mu_h",-2.12673410875
"density","DAX","STAR_SV","2018-05","phi_h",0.94726169575
"density","DAX","STAR_SV","2018-05","sigma_eta",0.1233667353375
"density","DAX","STAR_SV","2018-05","nu",7.0724700825
"density","DAX","STAR_SV","2018-05","gamma_severe",-0.320115161375
"density","DAX","STAR_SV","2018-05","gamma_mild",-0.2655348562635
"density","DAX","STAR_SV","2018-06","mu_y",0.037737818095
"density","DAX","STAR_SV","2018-06","phi_y",0.0169139156445688
"density","DAX","STAR_SV","2018-06","mu_h",-2.24603999
"density","DAX","STAR_SV","2018-06","phi_h",0.949595847
"density","DAX","STAR_SV","2018-06","sigma_eta",0.100622276575
"density","DAX","STAR_SV","2018-06","nu",6.482526315
"density","DAX","STAR_SV","2018-06","gamma_severe",-0.32733521475
"density","DAX","STAR_SV","2018-06","gamma_mild",-0.27682819695
"density","DAX","STAR_SV","2018-07","mu_y",0.034374418830375
"density","DAX","STAR_SV","2018-07","phi_y",0.0136501353050725
"density","DAX","STAR_SV","2018-07","mu_h",-2.63398095125
"density","DAX","STAR_SV","2018-07","phi_h",0.9564220115
"density","DAX","STAR_SV","2018-07","sigma_eta",0.0708258791653125
"density","DAX","STAR_SV","2018-07","nu",6.45895452875
"density","DAX","STAR_SV","2018-07","gamma_severe",-0.32683154275
"density","DAX","STAR_SV","2018-07","gamma_mild",-0.2709231113625
"density","DAX","STAR_SV","2018-08","mu_y",0.04238853298
"density","DAX","STAR_SV","2018-08","phi_y",0.006843107420675
"density","DAX","STAR_SV","2018-08","mu_h",-2.35760879
"density","DAX","STAR_SV","2018-08","phi_h",0.95312183875
"density","DAX","STAR_SV","2018-08","sigma_eta",0.099683253625
"density","DAX","STAR_SV","2018-08","nu",7.160799105
"density","DAX","STAR_SV","2018-08","gamma_severe",-0.311439874
"density","DAX","STAR_SV","2018-08","gamma_mild",-0.262169843125
"density","DAX","STAR_SV","2018-09","mu_y",0.0440653539625
"density","DAX","STAR_SV","2018-09","phi_y",0.0091422827901625
"density","DAX","STAR_SV","2018-09","mu_h",-2.17825969625
"density","DAX","STAR_SV","2018-09","phi_h",0.95140662525
"density","DAX","STAR_SV","2018-09","sigma_eta",0.1167007303875
"density","DAX","STAR_SV","2018-09","nu",6.97531068375
"density","DAX","STAR_SV","2018-09","gamma_severe",-0.300059718125
"density","DAX","STAR_SV","2018-09","gamma_mild",-0.2535544361625
"density","DAX","STAR_SV","2018-10","mu_y",0.035796819295
"density","DAX","STAR_SV","2018-10","phi_y",0.0106586303025475
"density","DAX","STAR_SV","2018-10","mu_h",-2.3493792175
"density","DAX","STAR_SV","2018-10","phi_h",0.95370755675
"density","DAX","STAR_SV","2018-10","sigma_eta",0.103173351625
"density","DAX","STAR_SV","2018-10","nu",6.971423555
"density","DAX","STAR_SV","2018-10","gamma_severe",-0.3074037435
"density","DAX","STAR_SV","2018-10","gamma_mild",-0.2425698147
"density","DAX","STAR_SV","2018-11","mu_y",0.0347951197755
"density","DAX","STAR_SV","2018-11","phi_y",0.0133387994875409
"density","DAX","STAR_SV","2018-11","mu_h",-2.72805670125
"density","DAX","STAR_SV","2018-11","phi_h",0.961254413
"density","DAX","STAR_SV","2018-11","sigma_eta",0.08037970147305
"density","DAX","STAR_SV","2018-11","nu",7.28705059125
"density","DAX","STAR_SV","2018-11","gamma_severe",-0.294703771
"density","DAX","STAR_SV","2018-11","gamma_mild",-0.2191894062875
"density","DAX","STAR_SV","2018-12","mu_y",0.03291568481125
"density","DAX","STAR_SV","2018-12","phi_y",0.0092670503098275
"density","DAX","STAR_SV","2018-12","mu_h",-2.19735407
"density","DAX","STAR_SV","2018-12","phi_h",0.95532836675
"density","DAX","STAR_SV","2018-12","sigma_eta",0.10561158215
"density","DAX","STAR_SV","2018-12","nu",7.0194671175
"density","DAX","STAR_SV","2018-12","gamma_severe",-0.280108905
"density","DAX","STAR_SV","2018-12","gamma_mild",-0.21902072194
"density","DAX","STAR_SV","2019-01","mu_y",0.0364647723725
"density","DAX","STAR_SV","2019-01","phi_y",0.0130965130056225
"density","DAX","STAR_SV","2019-01","mu_h",-2.372131075
"density","DAX","STAR_SV","2019-01","phi_h",0.9576096805
"density","DAX","STAR_SV","2019-01","sigma_eta",0.09909349229
"density","DAX","STAR_SV","2019-01","nu",7.2658952875
"density","DAX","STAR_SV","2019-01","gamma_severe",-0.28345267875
"density","DAX","STAR_SV","2019-01","gamma_mild",-0.2142865044195
"density","DAX","STAR_SV","2019-02","mu_y",0.02529362168125
"density","DAX","STAR_SV","2019-02","phi_y",0.00945207600752
"density","DAX","STAR_SV","2019-02","mu_h",-2.5521871325
"density","DAX","STAR_SV","2019-02","phi_h",0.95601826275
"density","DAX","STAR_SV","2019-02","sigma_eta",0.0816627012575
"density","DAX","STAR_SV","2019-02","nu",6.8843854975
"density","DAX","STAR_SV","2019-02","gamma_severe",-0.319318409
"density","DAX","STAR_SV","2019-02","gamma_mild",-0.234454960225
"density","DAX","STAR_SV","2019-03","mu_y",0.036319539256875
"density","DAX","STAR_SV","2019-03","phi_y",0.00302371865744625
"density","DAX","STAR_SV","2019-03","mu_h",-2.39034973
"density","DAX","STAR_SV","2019-03","phi_h",0.956451714375
"density","DAX","STAR_SV","2019-03","sigma_eta",0.1035928622
"density","DAX","STAR_SV","2019-03","nu",6.90967374125
"density","DAX","STAR_SV","2019-03","gamma_severe",-0.293521687375
"density","DAX","STAR_SV","2019-03","gamma_mild",-0.22281874426375
"density","DAX","STAR_SV","2019-04","mu_y",0.032352194534575
"density","DAX","STAR_SV","2019-04","phi_y",0.0001542868289525
"density","DAX","STAR_SV","2019-04","mu_h",-2.04338487
"density","DAX","STAR_SV","2019-04","phi_h",0.95346821475
"density","DAX","STAR_SV","2019-04","sigma_eta",0.12150906565
"density","DAX","STAR_SV","2019-04","nu",7.0646486275
"density","DAX","STAR_SV","2019-04","gamma_severe",-0.27277584375
"density","DAX","STAR_SV","2019-04","gamma_mild",-0.2134330192
"density","DAX","STAR_SV","2019-05","mu_y",0.0434134658
"density","DAX","STAR_SV","2019-05","phi_y",0.00559920243821
"density","DAX","STAR_SV","2019-05","mu_h",-2.2594532675
"density","DAX","STAR_SV","2019-05","phi_h",0.95376344325
"density","DAX","STAR_SV","2019-05","sigma_eta",0.1245771308
"density","DAX","STAR_SV","2019-05","nu",7.10361215
"density","DAX","STAR_SV","2019-05","gamma_severe",-0.2913261925
"density","DAX","STAR_SV","2019-05","gamma_mild",-0.2277238530925
"density","DAX","STAR_SV","2019-06","mu_y",0.036949648635
"density","DAX","STAR_SV","2019-06","phi_y",0.0058820564445475
"density","DAX","STAR_SV","2019-06","mu_h",-2.526407805
"density","DAX","STAR_SV","2019-06","phi_h",0.956854074
"density","DAX","STAR_SV","2019-06","sigma_eta",0.0972115209125
"density","DAX","STAR_SV","2019-06","nu",6.6124728875
"density","DAX","STAR_SV","2019-06","gamma_severe",-0.3063367815
"density","DAX","STAR_SV","2019-06","gamma_mild",-0.231584179125
"density","DAX","STAR_SV","2019-07","mu_y",0.0421371133475
"density","DAX","STAR_SV","2019-07","phi_y",0.0042998071667825
"density","DAX","STAR_SV","2019-07","mu_h",-3.2309554075
"density","DAX","STAR_SV","2019-07","phi_h",0.963718685
"density","DAX","STAR_SV","2019-07","sigma_eta",0.05330852235755
"density","DAX","STAR_SV","2019-07","nu",5.52934062
"density","DAX","STAR_SV","2019-07","gamma_severe",-0.32611539525
"density","DAX","STAR_SV","2019-07","gamma_mild",-0.26745449045
"density","DAX","STAR_SV","2019-08","mu_y",0.03740074102375
"density","DAX","STAR_SV","2019-08","phi_y",0.0021966568363275
"density","DAX","STAR_SV","2019-08","mu_h",-2.4767570675
"density","DAX","STAR_SV","2019-08","phi_h",0.951495683875
"density","DAX","STAR_SV","2019-08","sigma_eta",0.0821887824
"density","DAX","STAR_SV","2019-08","nu",5.81240407875
"density","DAX","STAR_SV","2019-08","gamma_severe",-0.340494298625
"density","DAX","STAR_SV","2019-08","gamma_mild",-0.2623342556
"density","DAX","STAR_SV","2019-09","mu_y",0.0429345682825
"density","DAX","STAR_SV","2019-09","phi_y",-0.0018861868877675
"density","DAX","STAR_SV","2019-09","mu_h",-2.407008665
"density","DAX","STAR_SV","2019-09","phi_h",0.95550271575
"density","DAX","STAR_SV","2019-09","sigma_eta",0.0728863318325
"density","DAX","STAR_SV","2019-09","nu",5.4869032475
"density","DAX","STAR_SV","2019-09","gamma_severe",-0.299232811
"density","DAX","STAR_SV","2019-09","gamma_mild",-0.23372395738
"density","DAX","STAR_SV","2019-10","mu_y",0.046736546
"density","DAX","STAR_SV","2019-10","phi_y",-1.96110410849999e-05
"density","DAX","STAR_SV","2019-10","mu_h",-1.62580756
"density","DAX","STAR_SV","2019-10","phi_h",0.9352916505
"density","DAX","STAR_SV","2019-10","sigma_eta",0.13542100965
"density","DAX","STAR_SV","2019-10","nu",6.0114496275
"density","DAX","STAR_SV","2019-10","gamma_severe",-0.29389417825
"density","DAX","STAR_SV","2019-10","gamma_mild",-0.254241618425
"density","DAX","STAR_SV","2019-11","mu_y",0.04845399535
"density","DAX","STAR_SV","2019-11","phi_y",0.000557626509175
"density","DAX","STAR_SV","2019-11","mu_h",-1.919189785
"density","DAX","STAR_SV","2019-11","phi_h",0.937009489
"density","DAX","STAR_SV","2019-11","sigma_eta",0.11191339105
"density","DAX","STAR_SV","2019-11","nu",6.4853316925
"density","DAX","STAR_SV","2019-11","gamma_severe",-0.32609786975
"density","DAX","STAR_SV","2019-11","gamma_mild",-0.2112039825375
"density","DAX","STAR_SV","2019-12","mu_y",0.0486933642
"density","DAX","STAR_SV","2019-12","phi_y",-0.0007900452692675
"density","DAX","STAR_SV","2019-12","mu_h",-1.8692163575
"density","DAX","STAR_SV","2019-12","phi_h",0.93771041525
"density","DAX","STAR_SV","2019-12","sigma_eta",0.1207936469425
"density","DAX","STAR_SV","2019-12","nu",6.53858015
"density","DAX","STAR_SV","2019-12","gamma_severe",-0.3109346715
"density","DAX","STAR_SV","2019-12","gamma_mild",-0.2083866245905
"density","DAX","STAR_SV","2020-01","mu_y",0.046211845375
"density","DAX","STAR_SV","2020-01","phi_y",0.001401137327205
"density","DAX","STAR_SV","2020-01","mu_h",-2.0619894275
"density","DAX","STAR_SV","2020-01","phi_h",0.941378722
"density","DAX","STAR_SV","2020-01","sigma_eta",0.09691623832075
"density","DAX","STAR_SV","2020-01","nu",6.274653095
"density","DAX","STAR_SV","2020-01","gamma_severe",-0.3225770265
"density","DAX","STAR_SV","2020-01","gamma_mild",-0.21636760233825
"density","DAX","STAR_SV","2020-02","mu_y",0.0455701024075
"density","DAX","STAR_SV","2020-02","phi_y",-0.003963566260524
"density","DAX","STAR_SV","2020-02","mu_h",-1.99801802625
"density","DAX","STAR_SV","2020-02","phi_h",0.93924947075
"density","DAX","STAR_SV","2020-02","sigma_eta",0.100427863159625
"density","DAX","STAR_SV","2020-02","nu",6.26751486
"density","DAX","STAR_SV","2020-02","gamma_severe",-0.32475638575
"density","DAX","STAR_SV","2020-02","gamma_mild",-0.208556052398125
"density","DAX","STAR_SV","2020-03","mu_y",0.0432603249175
"density","DAX","STAR_SV","2020-03","phi_y",-0.00129324053349375
"density","DAX","STAR_SV","2020-03","mu_h",-2.21147591875
"density","DAX","STAR_SV","2020-03","phi_h",0.940567914375
"density","DAX","STAR_SV","2020-03","sigma_eta",0.0721669021245125
"density","DAX","STAR_SV","2020-03","nu",5.89796834375
"density","DAX","STAR_SV","2020-03","gamma_severe",-0.355114116625
"density","DAX","STAR_SV","2020-03","gamma_mild",-0.21934837979875
"density","DAX","STAR_SV","2020-04","mu_y",0.0399628117
"density","DAX","STAR_SV","2020-04","phi_y",0.00224833657146451
"density","DAX","STAR_SV","2020-04","mu_h",-2.35775259625
"density","DAX","STAR_SV","2020-04","phi_h",0.946204013
"density","DAX","STAR_SV","2020-04","sigma_eta",0.0618747115233375
"density","DAX","STAR_SV","2020-04","nu",5.64932318375
"density","DAX","STAR_SV","2020-04","gamma_severe",-0.346986756125
"density","DAX","STAR_SV","2020-04","gamma_mild",-0.25483879796875
"density","DAX","STAR_SV","2020-05","mu_y",0.045324356875
"density","DAX","STAR_SV","2020-05","phi_y",0.001110881044755
"density","DAX","STAR_SV","2020-05","mu_h",-2.28710169
"density","DAX","STAR_SV","2020-05","phi_h",0.94853551175
"density","DAX","STAR_SV","2020-05","sigma_eta",0.09230796825625
"density","DAX","STAR_SV","2020-05","nu",5.44875809
"density","DAX","STAR_SV","2020-05","gamma_severe",-0.32936575675
"density","DAX","STAR_SV","2020-05","gamma_mild",-0.1986359592325
"density","DAX","STAR_SV","2020-06","mu_y",0.048016067575
"density","DAX","STAR_SV","2020-06","phi_y",0.0032968073943525
"density","DAX","STAR_SV","2020-06","mu_h",-2.07889773
"density","DAX","STAR_SV","2020-06","phi_h",0.94286932175
"density","DAX","STAR_SV","2020-06","sigma_eta",0.12549235583
"density","DAX","STAR_SV","2020-06","nu",5.6432254625
"density","DAX","STAR_SV","2020-06","gamma_severe",-0.33492852275
"density","DAX","STAR_SV","2020-06","gamma_mild",-0.17790969318175
"density","DAX","STAR_SV","2020-07","mu_y",0.052728966025
"density","DAX","STAR_SV","2020-07","phi_y",-0.0022461737377425
"density","DAX","STAR_SV","2020-07","mu_h",-1.84011832
"density","DAX","STAR_SV","2020-07","phi_h",0.94598637525
"density","DAX","STAR_SV","2020-07","sigma_eta",0.1576312718
"density","DAX","STAR_SV","2020-07","nu",5.772760355
"density","DAX","STAR_SV","2020-07","gamma_severe",-0.28257331525
"density","DAX","STAR_SV","2020-07","gamma_mild",-0.16204904047425
"density","DAX","STAR_SV","2020-08","mu_y",0.0482110143
"density","DAX","STAR_SV","2020-08","phi_y",-0.010842627431175
"density","DAX","STAR_SV","2020-08","mu_h",-2.1854591375
"density","DAX","STAR_SV","2020-08","phi_h",0.95221287975
"density","DAX","STAR_SV","2020-08","sigma_eta",0.128085704325
"density","DAX","STAR_SV","2020-08","nu",5.9358974025
"density","DAX","STAR_SV","2020-08","gamma_severe",-0.29284229275
"density","DAX","STAR_SV","2020-08","gamma_mild",-0.15480462099925
"density","DAX","STAR_SV","2020-09","mu_y",0.0465940496125
"density","DAX","STAR_SV","2020-09","phi_y",-0.0093368812473475
"density","DAX","STAR_SV","2020-09","mu_h",-2.865521975
"density","DAX","STAR_SV","2020-09","phi_h",0.96172677225
"density","DAX","STAR_SV","2020-09","sigma_eta",0.0856168914275
"density","DAX","STAR_SV","2020-09","nu",5.38361685
"density","DAX","STAR_SV","2020-09","gamma_severe",-0.30585053375
"density","DAX","STAR_SV","2020-09","gamma_mild",-0.144325935611425
"density","DAX","STAR_SV","2020-10","mu_y",0.049613086525
"density","DAX","STAR_SV","2020-10","phi_y",-0.0139621136695025
"density","DAX","STAR_SV","2020-10","mu_h",-2.2628296775
"density","DAX","STAR_SV","2020-10","phi_h",0.95439819275
"density","DAX","STAR_SV","2020-10","sigma_eta",0.12411862015
"density","DAX","STAR_SV","2020-10","nu",5.877357545
"density","DAX","STAR_SV","2020-10","gamma_severe",-0.28993035575
"density","DAX","STAR_SV","2020-10","gamma_mild",-0.1400478488175
"density","DAX","STAR_SV","2020-11","mu_y",0.052811428825
"density","DAX","STAR_SV","2020-11","phi_y",-0.014805478730505
"density","DAX","STAR_SV","2020-11","mu_h",-2.343939155
"density","DAX","STAR_SV","2020-11","phi_h",0.95792012
"density","DAX","STAR_SV","2020-11","sigma_eta",0.11617168015
"density","DAX","STAR_SV","2020-11","nu",5.7254590775
"density","DAX","STAR_SV","2020-11","gamma_severe",-0.27786657625
"density","DAX","STAR_SV","2020-11","gamma_mild",-0.15034070280035
"density","DAX","STAR_SV","2020-12","mu_y",0.042569150925
"density","DAX","STAR_SV","2020-12","phi_y",-0.014280641616
"density","DAX","STAR_SV","2020-12","mu_h",-2.415993725
"density","DAX","STAR_SV","2020-12","phi_h",0.95705865675
"density","DAX","STAR_SV","2020-12","sigma_eta",0.105849982225
"density","DAX","STAR_SV","2020-12","nu",5.3946746775
"density","DAX","STAR_SV","2020-12","gamma_severe",-0.297560416
"density","DAX","STAR_SV","2020-12","gamma_mild",-0.1616510663775
"density","DAX","STAR_SV","2021-01","mu_y",0.0443998386
"density","DAX","STAR_SV","2021-01","phi_y",-0.006739474293305
"density","DAX","STAR_SV","2021-01","mu_h",-2.4012621975
"density","DAX","STAR_SV","2021-01","phi_h",0.95522995125
"density","DAX","STAR_SV","2021-01","sigma_eta",0.1143275715
"density","DAX","STAR_SV","2021-01","nu",5.5482519925
"density","DAX","STAR_SV","2021-01","gamma_severe",-0.30295419325
"density","DAX","STAR_SV","2021-01","gamma_mild",-0.238700805525
"density","DAX","STAR_SV","2021-02","mu_y",0.0480811472
"density","DAX","STAR_SV","2021-02","phi_y",-0.003581423327337
"density","DAX","STAR_SV","2021-02","mu_h",-2.03100361
"density","DAX","STAR_SV","2021-02","phi_h",0.94933154825
"density","DAX","STAR_SV","2021-02","sigma_eta",0.138090879975
"density","DAX","STAR_SV","2021-02","nu",5.8077734325
"density","DAX","STAR_SV","2021-02","gamma_severe",-0.2950374215
"density","DAX","STAR_SV","2021-02","gamma_mild",-0.17627463780425
"density","DAX","STAR_SV","2021-03","mu_y",0.04356824684125
"density","DAX","STAR_SV","2021-03","phi_y",-0.0054349131952625
"density","DAX","STAR_SV","2021-03","mu_h",-2.40342485625
"density","DAX","STAR_SV","2021-03","phi_h",0.952444120625
"density","DAX","STAR_SV","2021-03","sigma_eta",0.113453965075
"density","DAX","STAR_SV","2021-03","nu",5.47202644
"density","DAX","STAR_SV","2021-03","gamma_severe",-0.32541558325
"density","DAX","STAR_SV","2021-03","gamma_mild",-0.17797960921075
"density","DAX","STAR_SV","2021-04","mu_y",0.0553586585
"density","DAX","STAR_SV","2021-04","phi_y",-0.00961546888105713
"density","DAX","STAR_SV","2021-04","mu_h",-1.980152495
"density","DAX","STAR_SV","2021-04","phi_h",0.948337829875
"density","DAX","STAR_SV","2021-04","sigma_eta",0.1484231916875
"density","DAX","STAR_SV","2021-04","nu",5.6699771375
"density","DAX","STAR_SV","2021-04","gamma_severe",-0.290347541375
"density","DAX","STAR_SV","2021-04","gamma_mild",-0.17449305200525
"density","DAX","STAR_SV","2021-05","mu_y",0.042697966775
"density","DAX","STAR_SV","2021-05","phi_y",-0.0101738465267875
"density","DAX","STAR_SV","2021-05","mu_h",-2.30511065
"density","DAX","STAR_SV","2021-05","phi_h",0.9514909165
"density","DAX","STAR_SV","2021-05","sigma_eta",0.120190155575
"density","DAX","STAR_SV","2021-05","nu",5.7013343375
"density","DAX","STAR_SV","2021-05","gamma_severe",-0.316705951
"density","DAX","STAR_SV","2021-05","gamma_mild",-0.1686089995525
"density","DAX","STAR_SV","2021-06","mu_y",0.048439196475
"density","DAX","STAR_SV","2021-06","phi_y",-0.019685096445075
"density","DAX","STAR_SV","2021-06","mu_h",-2.30387044
"density","DAX","STAR_SV","2021-06","phi_h",0.95100190625
"density","DAX","STAR_SV","2021-06","sigma_eta",0.121733714775
"density","DAX","STAR_SV","2021-06","nu",5.550850615
"density","DAX","STAR_SV","2021-06","gamma_severe",-0.3201564465
"density","DAX","STAR_SV","2021-06","gamma_mild",-0.1830703385855
"density","DAX","STAR_SV","2021-07","mu_y",0.050392472025
"density","DAX","STAR_SV","2021-07","phi_y",-0.0188552660428
"density","DAX","STAR_SV","2021-07","mu_h",-2.6722272225
"density","DAX","STAR_SV","2021-07","phi_h",0.958759184
"density","DAX","STAR_SV","2021-07","sigma_eta",0.101131807375
"density","DAX","STAR_SV","2021-07","nu",5.0778190125
"density","DAX","STAR_SV","2021-07","gamma_severe",-0.31284952025
"density","DAX","STAR_SV","2021-07","gamma_mild",-0.18282922965
"density","DAX","STAR_SV","2021-08","mu_y",0.04804833175
"density","DAX","STAR_SV","2021-08","phi_y",-0.02537093481135
"density","DAX","STAR_SV","2021-08","mu_h",-2.5435341175
"density","DAX","STAR_SV","2021-08","phi_h",0.9561337735
"density","DAX","STAR_SV","2021-08","sigma_eta",0.102751138385
"density","DAX","STAR_SV","2021-08","nu",5.3133516375
"density","DAX","STAR_SV","2021-08","gamma_severe",-0.316963956
"density","DAX","STAR_SV","2021-08","gamma_mild",-0.1678889536555
"density","DAX","STAR_SV","2021-09","mu_y",0.04851445335
"density","DAX","STAR_SV","2021-09","phi_y",-0.022711441706417
"density","DAX","STAR_SV","2021-09","mu_h",-2.6001407025
"density","DAX","STAR_SV","2021-09","phi_h",0.95758886375
"density","DAX","STAR_SV","2021-09","sigma_eta",0.116431862925
"density","DAX","STAR_SV","2021-09","nu",5.428611515
"density","DAX","STAR_SV","2021-09","gamma_severe",-0.307350295
"density","DAX","STAR_SV","2021-09","gamma_mild",-0.183327798795
"density","DAX","STAR_SV","2021-10","mu_y",0.047932773275
"density","DAX","STAR_SV","2021-10","phi_y",-0.02133173411805
"density","DAX","STAR_SV","2021-10","mu_h",-2.761289745
"density","DAX","STAR_SV","2021-10","phi_h",0.96079199375
"density","DAX","STAR_SV","2021-10","sigma_eta",0.10950220575
"density","DAX","STAR_SV","2021-10","nu",5.493293025
"density","DAX","STAR_SV","2021-10","gamma_severe",-0.30165295825
"density","DAX","STAR_SV","2021-10","gamma_mild",-0.17170292900985
"density","DAX","STAR_SV","2021-11","mu_y",0.0450831791
"density","DAX","STAR_SV","2021-11","phi_y",-0.02074912230205
"density","DAX","STAR_SV","2021-11","mu_h",-2.58071043
"density","DAX","STAR_SV","2021-11","phi_h",0.95756896175
"density","DAX","STAR_SV","2021-11","sigma_eta",0.116472734625
"density","DAX","STAR_SV","2021-11","nu",5.312370115
"density","DAX","STAR_SV","2021-11","gamma_severe",-0.3062856955
"density","DAX","STAR_SV","2021-11","gamma_mild",-0.1971684708875
"density","DAX","STAR_SV","2021-12","mu_y",0.046634388925
"density","DAX","STAR_SV","2021-12","phi_y",-0.02364853201625
"density","DAX","STAR_SV","2021-12","mu_h",-2.3616124675
"density","DAX","STAR_SV","2021-12","phi_h",0.95271698
"density","DAX","STAR_SV","2021-12","sigma_eta",0.1351872493
"density","DAX","STAR_SV","2021-12","nu",5.20938466
"density","DAX","STAR_SV","2021-12","gamma_severe",-0.31498698025
"density","DAX","STAR_SV","2021-12","gamma_mild",-0.22451782255915
"density","DAX","STAR_SV","2022-01","mu_y",0.048750516475
"density","DAX","STAR_SV","2022-01","phi_y",-0.022670437813725
"density","DAX","STAR_SV","2022-01","mu_h",-2.17456887
"density","DAX","STAR_SV","2022-01","phi_h",0.947837447
"density","DAX","STAR_SV","2022-01","sigma_eta",0.1516759142
"density","DAX","STAR_SV","2022-01","nu",5.476135225
"density","DAX","STAR_SV","2022-01","gamma_severe",-0.31703831625
"density","DAX","STAR_SV","2022-01","gamma_mild",-0.263317173825
"density","DAX","STAR_SV","2022-02","mu_y",0.04017810674
"density","DAX","STAR_SV","2022-02","phi_y",-0.021150075400575
"density","DAX","STAR_SV","2022-02","mu_h",-2.5001081375
"density","DAX","STAR_SV","2022-02","phi_h",0.9545318435
"density","DAX","STAR_SV","2022-02","sigma_eta",0.123741247525
"density","DAX","STAR_SV","2022-02","nu",5.362491915
"density","DAX","STAR_SV","2022-02","gamma_severe",-0.3196247665
"density","DAX","STAR_SV","2022-02","gamma_mild",-0.234343897715
"density","DAX","STAR_SV","2022-03","mu_y",0.0430448934
"density","DAX","STAR_SV","2022-03","phi_y",-0.024269282469825
"density","DAX","STAR_SV","2022-03","mu_h",-2.408806725
"density","DAX","STAR_SV","2022-03","phi_h",0.95422051075
"density","DAX","STAR_SV","2022-03","sigma_eta",0.131611977575
"density","DAX","STAR_SV","2022-03","nu",5.3619071425
"density","DAX","STAR_SV","2022-03","gamma_severe",-0.31041472475
"density","DAX","STAR_SV","2022-03","gamma_mild",-0.24495675445
"density","DAX","STAR_SV","2022-04","mu_y",0.043215943425
"density","DAX","STAR_SV","2022-04","phi_y",-0.0256281542796
"density","DAX","STAR_SV","2022-04","mu_h",-2.244477485
"density","DAX","STAR_SV","2022-04","phi_h",0.95352823675
"density","DAX","STAR_SV","2022-04","sigma_eta",0.136494593525
"density","DAX","STAR_SV","2022-04","nu",5.56926339
"density","DAX","STAR_SV","2022-04","gamma_severe",-0.296972935
"density","DAX","STAR_SV","2022-04","gamma_mild",-0.24304511415
"density","DAX","STAR_SV","2022-05","mu_y",0.04274121715
"density","DAX","STAR_SV","2022-05","phi_y",-0.025160611532
"density","DAX","STAR_SV","2022-05","mu_h",-2.7046240925
"density","DAX","STAR_SV","2022-05","phi_h",0.959864848
"density","DAX","STAR_SV","2022-05","sigma_eta",0.1117823405
"density","DAX","STAR_SV","2022-05","nu",5.5047841475
"density","DAX","STAR_SV","2022-05","gamma_severe",-0.30433729075
"density","DAX","STAR_SV","2022-05","gamma_mild",-0.244219068475
"density","DAX","STAR_SV","2022-06","mu_y",0.03656925949625
"density","DAX","STAR_SV","2022-06","phi_y",-0.0272454413764375
"density","DAX","STAR_SV","2022-06","mu_h",-2.47347186
"density","DAX","STAR_SV","2022-06","phi_h",0.954579328625
"density","DAX","STAR_SV","2022-06","sigma_eta",0.119223261675
"density","DAX","STAR_SV","2022-06","nu",5.61782988375
"density","DAX","STAR_SV","2022-06","gamma_severe",-0.3200748285
"density","DAX","STAR_SV","2022-06","gamma_mild",-0.2554580932375
"density","DAX","STAR_SV","2022-07","mu_y",0.0400823061575
"density","DAX","STAR_SV","2022-07","phi_y",-0.02678723326475
"density","DAX","STAR_SV","2022-07","mu_h",-2.2193396075
"density","DAX","STAR_SV","2022-07","phi_h",0.94931235375
"density","DAX","STAR_SV","2022-07","sigma_eta",0.14125316655
"density","DAX","STAR_SV","2022-07","nu",5.88008557
"density","DAX","STAR_SV","2022-07","gamma_severe",-0.32124126775
"density","DAX","STAR_SV","2022-07","gamma_mild",-0.280389861325
"density","DAX","STAR_SV","2022-08","mu_y",0.040800005225
"density","DAX","STAR_SV","2022-08","phi_y",-0.022936660812475
"density","DAX","STAR_SV","2022-08","mu_h",-2.15375343
"density","DAX","STAR_SV","2022-08","phi_h",0.951058618
"density","DAX","STAR_SV","2022-08","sigma_eta",0.138427245075
"density","DAX","STAR_SV","2022-08","nu",5.7080021525
"density","DAX","STAR_SV","2022-08","gamma_severe",-0.30403203425
"density","DAX","STAR_SV","2022-08","gamma_mild",-0.25399049005
"density","DAX","STAR_SV","2022-09","mu_y",0.039363086015
"density","DAX","STAR_SV","2022-09","phi_y",-0.02635740752355
"density","DAX","STAR_SV","2022-09","mu_h",-2.40634959
"density","DAX","STAR_SV","2022-09","phi_h",0.95286456
"density","DAX","STAR_SV","2022-09","sigma_eta",0.12316248985
"density","DAX","STAR_SV","2022-09","nu",5.415244665
"density","DAX","STAR_SV","2022-09","gamma_severe",-0.3262391655
"density","DAX","STAR_SV","2022-09","gamma_mild",-0.285707860875
"density","DAX","STAR_SV","2022-10","mu_y",0.0430134656
"density","DAX","STAR_SV","2022-10","phi_y",-0.0294141582361
"density","DAX","STAR_SV","2022-10","mu_h",-2.081945835
"density","DAX","STAR_SV","2022-10","phi_h",0.94918208
"density","DAX","STAR_SV","2022-10","sigma_eta",0.15026118955
"density","DAX","STAR_SV","2022-10","nu",5.833436975
"density","DAX","STAR_SV","2022-10","gamma_severe",-0.3045619525
"density","DAX","STAR_SV","2022-10","gamma_mild",-0.247578283325
"density","DAX","STAR_SV","2022-11","mu_y",0.0392062695
"density","DAX","STAR_SV","2022-11","phi_y",-0.02892007766325
"density","DAX","STAR_SV","2022-11","mu_h",-2.06196426
"density","DAX","STAR_SV","2022-11","phi_h",0.94738853725
"density","DAX","STAR_SV","2022-11","sigma_eta",0.139237860875
"density","DAX","STAR_SV","2022-11","nu",5.4103456975
"density","DAX","STAR_SV","2022-11","gamma_severe",-0.31765897275
"density","DAX","STAR_SV","2022-11","gamma_mild",-0.261395638075
"density","DAX","STAR_SV","2022-12","mu_y",0.048370219675
"density","DAX","STAR_SV","2022-12","phi_y",-0.0236823694522325
"density","DAX","STAR_SV","2022-12","mu_h",-1.6703748725
"density","DAX","STAR_SV","2022-12","phi_h",0.9416611425
"density","DAX","STAR_SV","2022-12","sigma_eta",0.18587598675
"density","DAX","STAR_SV","2022-12","nu",6.04763063
"density","DAX","STAR_SV","2022-12","gamma_severe",-0.28440395025
"density","DAX","STAR_SV","2022-12","gamma_mild",-0.241875445325
"density","DAX","STAR_SV","2023-01","mu_y",0.046763937
"density","DAX","STAR_SV","2023-01","phi_y",-0.0231522723786
"density","DAX","STAR_SV","2023-01","mu_h",-2.0076090425
"density","DAX","STAR_SV","2023-01","phi_h",0.9492931155
"density","DAX","STAR_SV","2023-01","sigma_eta",0.15614428095
"density","DAX","STAR_SV","2023-01","nu",5.759569295
"density","DAX","STAR_SV","2023-01","gamma_severe",-0.29131798
"density","DAX","STAR_SV","2023-01","gamma_mild",-0.240933644125
"density","DAX","STAR_SV","2023-02","mu_y",0.04004841421
"density","DAX","STAR_SV","2023-02","phi_y",-0.0285637157535
"density","DAX","STAR_SV","2023-02","mu_h",-1.9954489425
"density","DAX","STAR_SV","2023-02","phi_h",0.94843143625
"density","DAX","STAR_SV","2023-02","sigma_eta",0.13915173275
"density","DAX","STAR_SV","2023-02","nu",5.342701215
"density","DAX","STAR_SV","2023-02","gamma_severe",-0.300154692
"density","DAX","STAR_SV","2023-02","gamma_mild",-0.2478492423
"density","DAX","STAR_SV","2023-03","mu_y",0.03500944874875
"density","DAX","STAR_SV","2023-03","phi_y",-0.0234661591761625
"density","DAX","STAR_SV","2023-03","mu_h",-2.7508441475
"density","DAX","STAR_SV","2023-03","phi_h",0.95812587875
"density","DAX","STAR_SV","2023-03","sigma_eta",0.0686966273662375
"density","DAX","STAR_SV","2023-03","nu",4.880998715
"density","DAX","STAR_SV","2023-03","gamma_severe",-0.331238420125
"density","DAX","STAR_SV","2023-03","gamma_mild",-0.26807922703375
"density","DAX","STAR_SV","2023-04","mu_y",0.0418436082
"density","DAX","STAR_SV","2023-04","phi_y",-0.02676031069675
"density","DAX","STAR_SV","2023-04","mu_h",-2.0716351
"density","DAX","STAR_SV","2023-04","phi_h",0.948066654
"density","DAX","STAR_SV","2023-04","sigma_eta",0.1259644254
"density","DAX","STAR_SV","2023-04","nu",4.9709422825
"density","DAX","STAR_SV","2023-04","gamma_severe",-0.31702548025
"density","DAX","STAR_SV","2023-04","gamma_mild",-0.265130372975
"density","DAX","STAR_SV","2023-05","mu_y",0.0437172244
"density","DAX","STAR_SV","2023-05","phi_y",-0.027130263479
"density","DAX","STAR_SV","2023-05","mu_h",-2.65903192875
"density","DAX","STAR_SV","2023-05","phi_h",0.954564008125
"density","DAX","STAR_SV","2023-05","sigma_eta",0.092811841754875
"density","DAX","STAR_SV","2023-05","nu",4.75257735125
"density","DAX","STAR_SV","2023-05","gamma_severe",-0.344107857
"density","DAX","STAR_SV","2023-05","gamma_mild",-0.2974064567
"density","DAX","STAR_SV","2023-06","mu_y",0.046875662425
"density","DAX","STAR_SV","2023-06","phi_y",-0.035029499585
"density","DAX","STAR_SV","2023-06","mu_h",-2.1780249025
"density","DAX","STAR_SV","2023-06","phi_h",0.948519274
"density","DAX","STAR_SV","2023-06","sigma_eta",0.135878076275
"density","DAX","STAR_SV","2023-06","nu",5.13135033
"density","DAX","STAR_SV","2023-06","gamma_severe",-0.3185094695
"density","DAX","STAR_SV","2023-06","gamma_mild",-0.273804856325
"density","DAX","STAR_SV","2023-07","mu_y",0.043220782325
"density","DAX","STAR_SV","2023-07","phi_y",-0.03152803172325
"density","DAX","STAR_SV","2023-07","mu_h",-2.3770163825
"density","DAX","STAR_SV","2023-07","phi_h",0.94888228775
"density","DAX","STAR_SV","2023-07","sigma_eta",0.111889351425
"density","DAX","STAR_SV","2023-07","nu",4.98014971
"density","DAX","STAR_SV","2023-07","gamma_severe",-0.344530014
"density","DAX","STAR_SV","2023-07","gamma_mild",-0.2779888757
"density","DAX","STAR_SV","2023-08","mu_y",0.0477504049375
"density","DAX","STAR_SV","2023-08","phi_y",-0.030212126757375
"density","DAX","STAR_SV","2023-08","mu_h",-2.68618011
"density","DAX","STAR_SV","2023-08","phi_h",0.95653553975
"density","DAX","STAR_SV","2023-08","sigma_eta",0.089548762129375
"density","DAX","STAR_SV","2023-08","nu",4.6527387625
"density","DAX","STAR_SV","2023-08","gamma_severe",-0.32871924675
"density","DAX","STAR_SV","2023-08","gamma_mild",-0.26467981862
"density","DAX","STAR_SV","2023-09","mu_y",0.04889034365
"density","DAX","STAR_SV","2023-09","phi_y",-0.02812380743225
"density","DAX","STAR_SV","2023-09","mu_h",-2.0578481875
"density","DAX","STAR_SV","2023-09","phi_h",0.9448019005
"density","DAX","STAR_SV","2023-09","sigma_eta",0.15197730965
"density","DAX","STAR_SV","2023-09","nu",5.12633258
"density","DAX","STAR_SV","2023-09","gamma_severe",-0.3170897055
"density","DAX","STAR_SV","2023-09","gamma_mild",-0.267558912125
"density","DAX","STAR_SV","2023-10","mu_y",0.040215297
"density","DAX","STAR_SV","2023-10","phi_y",-0.0235821724275625
"density","DAX","STAR_SV","2023-10","mu_h",-2.40179241875
"density","DAX","STAR_SV","2023-10","phi_h",0.949822983
"density","DAX","STAR_SV","2023-10","sigma_eta",0.11296505682625
"density","DAX","STAR_SV","2023-10","nu",4.956630325
"density","DAX","STAR_SV","2023-10","gamma_severe",-0.33376541875
"density","DAX","STAR_SV","2023-10","gamma_mild",-0.3053204903875
"density","DAX","STAR_SV","2023-11","mu_y",0.04489400785
"density","DAX","STAR_SV","2023-11","phi_y",-0.0256503856994
"density","DAX","STAR_SV","2023-11","mu_h",-4.2546728325
"density","DAX","STAR_SV","2023-11","phi_h",0.97133237925
"density","DAX","STAR_SV","2023-11","sigma_eta",0.0230228079076625
"density","DAX","STAR_SV","2023-11","nu",4.32001801
"density","DAX","STAR_SV","2023-11","gamma_severe",-0.33664327425
"density","DAX","STAR_SV","2023-11","gamma_mild",-0.269183504875
"density","DAX","STAR_SV","2023-12","mu_y",0.045858577325
"density","DAX","STAR_SV","2023-12","phi_y",-0.022563391880195
"density","DAX","STAR_SV","2023-12","mu_h",-2.59393405
"density","DAX","STAR_SV","2023-12","phi_h",0.95237219075
"density","DAX","STAR_SV","2023-12","sigma_eta",0.0696037556596
"density","DAX","STAR_SV","2023-12","nu",4.49206807625
"density","DAX","STAR_SV","2023-12","gamma_severe",-0.344182645125
"density","DAX","STAR_SV","2023-12","gamma_mild",-0.2873533503875
"holdout","DAX","ARSV","2024-01","mu_y",0.0815056221
"holdout","DAX","ARSV","2024-01","phi_y",-0.031580344121
"holdout","DAX","ARSV","2024-01","mu_h",-0.09832708037975
"holdout","DAX","ARSV","2024-01","phi_h",0.9601718645
"holdout","DAX","ARSV","2024-01","sigma_eta",0.257623169
"holdout","DAX","ARSV","2024-01","nu",7.267821585
"holdout","DAX","ARSV","2024-02","mu_y",0.07995159155
"holdout","DAX","ARSV","2024-02","phi_y",-0.0354373166175
"holdout","DAX","ARSV","2024-02","mu_h",-0.121950565566775
"holdout","DAX","ARSV","2024-02","phi_h",0.95837948025
"holdout","DAX","ARSV","2024-02","sigma_eta",0.2576814815
"holdout","DAX","ARSV","2024-02","nu",7.0595917775
"holdout","DAX","ARSV","2024-03","mu_y",0.0824511457
"holdout","DAX","ARSV","2024-03","phi_y",-0.035422694145
"holdout","DAX","ARSV","2024-03","mu_h",-0.1330504160675
"holdout","DAX","ARSV","2024-03","phi_h",0.95985694075
"holdout","DAX","ARSV","2024-03","sigma_eta",0.253773522
"holdout","DAX","ARSV","2024-03","nu",7.0049757225
"holdout","DAX","ARSV","2024-04","mu_y",0.086872491475
"holdout","DAX","ARSV","2024-04","phi_y",-0.03574790399595
"holdout","DAX","ARSV","2024-04","mu_h",-0.15400951899815
"holdout","DAX","ARSV","2024-04","phi_h",0.96136557875
"holdout","DAX","ARSV","2024-04","sigma_eta",0.25382291875
"holdout","DAX","ARSV","2024-04","nu",6.9477841025
"holdout","DAX","ARSV","2024-05","mu_y",0.085036544825
"holdout","DAX","ARSV","2024-05","phi_y",-0.041462991955
"holdout","DAX","ARSV","2024-05","mu_h",-0.1351984726808
"holdout","DAX","ARSV","2024-05","phi_h",0.960148543375
"holdout","DAX","ARSV","2024-05","sigma_eta",0.256032929875
"holdout","DAX","ARSV","2024-05","nu",6.89842551625
"holdout","DAX","ARSV","2024-06","mu_y",0.082954807725
"holdout","DAX","ARSV","2024-06","phi_y",-0.04445191618875
"holdout","DAX","ARSV","2024-06","mu_h",-0.18910573555825
"holdout","DAX","ARSV","2024-06","phi_h",0.96137277175
"holdout","DAX","ARSV","2024-06","sigma_eta",0.24666152575
"holdout","DAX","ARSV","2024-06","nu",6.84927187625
"holdout","DAX","ARSV","2024-07","mu_y",0.080356980225
"holdout","DAX","ARSV","2024-07","phi_y",-0.0465782671325
"holdout","DAX","ARSV","2024-07","mu_h",-0.187730681265
"holdout","DAX","ARSV","2024-07","phi_h",0.95999790825
"holdout","DAX","ARSV","2024-07","sigma_eta",0.25159575125
"holdout","DAX","ARSV","2024-07","nu",7.12917939
"holdout","DAX","ARSV","2024-08","mu_y",0.082731725975
"holdout","DAX","ARSV","2024-08","phi_y",-0.04661465285
"holdout","DAX","ARSV","2024-08","mu_h",-0.18418675109
"holdout","DAX","ARSV","2024-08","phi_h",0.9592665905
"holdout","DAX","ARSV","2024-08","sigma_eta",0.253533589
"holdout","DAX","ARSV","2024-08","nu",7.2027945575
"holdout","DAX","ARSV","2024-09","mu_y",0.086376834275
"holdout","DAX","ARSV","2024-09","phi_y",-0.0380392388465
"holdout","DAX","ARSV","2024-09","mu_h",-0.20101273384
"holdout","DAX","ARSV","2024-09","phi_h",0.9574982905
"holdout","DAX","ARSV","2024-09","sigma_eta",0.26307467125
"holdout","DAX","ARSV","2024-09","nu",7.200438895
"holdout","DAX","ARSV","2024-10","mu_y",0.0860948199
"holdout","DAX","ARSV","2024-10","phi_y",-0.0417717219575
"holdout","DAX","ARSV","2024-10","mu_h",-0.1907118872995
"holdout","DAX","ARSV","2024-10","phi_h",0.95882305925
"holdout","DAX","ARSV","2024-10","sigma_eta",0.25723559875
"holdout","DAX","ARSV","2024-10","nu",7.3231792175
"holdout","DAX","ARSV","2024-11","mu_y",0.083298988
"holdout","DAX","ARSV","2024-11","phi_y",-0.0422959747675
"holdout","DAX","ARSV","2024-11","mu_h",-0.2110140140125
"holdout","DAX","ARSV","2024-11","phi_h",0.962566906
"holdout","DAX","ARSV","2024-11","sigma_eta",0.247271727
"holdout","DAX","ARSV","2024-11","nu",7.3001167675
"holdout","DAX","ARSV","2024-12","mu_y",0.083743669475
"holdout","DAX","ARSV","2024-12","phi_y",-0.042824868815
"holdout","DAX","ARSV","2024-12","mu_h",-0.17651821332
"holdout","DAX","ARSV","2024-12","phi_h",0.96124589525
"holdout","DAX","ARSV","2024-12","sigma_eta",0.242333821
"holdout","DAX","ARSV","2024-12","nu",7.500236145
"holdout","DAX","ARSV","2025-01","mu_y",0.083228825725
"holdout","DAX","ARSV","2025-01","phi_y",-0.0382779093825
"holdout","DAX","ARSV","2025-01","mu_h",-0.18967447575125
"holdout","DAX","ARSV","2025-01","phi_h",0.96141011125
"holdout","DAX","ARSV","2025-01","sigma_eta",0.24322142375
"holdout","DAX","ARSV","2025-01","nu",7.5036556925
"holdout","DAX","ARSV","2025-02","mu_y",0.08751977485
"holdout","DAX","ARSV","2025-02","phi_y",-0.0363778575935
"holdout","DAX","ARSV","2025-02","mu_h",-0.1876855370505
"holdout","DAX","ARSV","2025-02","phi_h",0.9614581535
"holdout","DAX","ARSV","2025-02","sigma_eta",0.241209605
"holdout","DAX","ARSV","2025-02","nu",7.8465833325
"holdout","DAX","ARSV","2025-03","mu_y",0.088836671525
"holdout","DAX","ARSV","2025-03","phi_y",-0.03964729789025
"holdout","DAX","ARSV","2025-03","mu_h",-0.16712254067775
"holdout","DAX","ARSV","2025-03","phi_h",0.960114772
"holdout","DAX","ARSV","2025-03","sigma_eta",0.243192216
"holdout","DAX","ARSV","2025-03","nu",7.9092761975
"holdout","DAX","ARSV","2025-04","mu_y",0.0870368819
"holdout","DAX","ARSV","2025-04","phi_y",-0.03992363115625
"holdout","DAX","ARSV","2025-04","mu_h",-0.164991508111688
"holdout","DAX","ARSV","2025-04","phi_h",0.95593231125
"holdout","DAX","ARSV","2025-04","sigma_eta",0.26121951925
"holdout","DAX","ARSV","2025-04","nu",9.64873308125
"holdout","DAX","ARSV","2025-05","mu_y",0.091525102175
"holdout","DAX","ARSV","2025-05","phi_y",-0.03873453505275
"holdout","DAX","ARSV","2025-05","mu_h",-0.145480861476075
"holdout","DAX","ARSV","2025-05","phi_h",0.95241312625
"holdout","DAX","ARSV","2025-05","sigma_eta",0.27774083625
"holdout","DAX","ARSV","2025-05","nu",10.1859160425
"holdout","DAX","ARSV","2025-06","mu_y",0.095597512925
"holdout","DAX","ARSV","2025-06","phi_y",-0.03620898941125
"holdout","DAX","ARSV","2025-06","mu_h",-0.14499336031025
"holdout","DAX","ARSV","2025-06","phi_h",0.95106846825
"holdout","DAX","ARSV","2025-06","sigma_eta",0.28303359825
"holdout","DAX","ARSV","2025-06","nu",10.49458349
"holdout","DAX","ARSV","2025-07","mu_y",0.0965621715
"holdout","DAX","ARSV","2025-07","phi_y",-0.0384202936735
"holdout","DAX","ARSV","2025-07","mu_h",-0.1443938577038
"holdout","DAX","ARSV","2025-07","phi_h",0.94999188775
"holdout","DAX","ARSV","2025-07","sigma_eta",0.28669753175
"holdout","DAX","ARSV","2025-07","nu",10.998837685
"holdout","DAX","ARSV","2025-08","mu_y",0.0943633375
"holdout","DAX","ARSV","2025-08","phi_y",-0.0398392396025
"holdout","DAX","ARSV","2025-08","mu_h",-0.16731068107175
"holdout","DAX","ARSV","2025-08","phi_h",0.95269516875
"holdout","DAX","ARSV","2025-08","sigma_eta",0.2831311545
"holdout","DAX","ARSV","2025-08","nu",11.46222712
"holdout","DAX","ARSV","2025-09","mu_y",0.0882239470125
"holdout","DAX","ARSV","2025-09","phi_y",-0.04259472705625
"holdout","DAX","ARSV","2025-09","mu_h",-0.147266392308
"holdout","DAX","ARSV","2025-09","phi_h",0.949364946375
"holdout","DAX","ARSV","2025-09","sigma_eta",0.281370636875
"holdout","DAX","ARSV","2025-09","nu",11.26537015
"holdout","DAX","ARSV","2025-10","mu_y",0.090380001975
"holdout","DAX","ARSV","2025-10","phi_y",-0.049146636
"holdout","DAX","ARSV","2025-10","mu_h",-0.12716474380655
"holdout","DAX","ARSV","2025-10","phi_h",0.94962029175
"holdout","DAX","ARSV","2025-10","sigma_eta",0.274698776
"holdout","DAX","ARSV","2025-10","nu",10.7145513
"holdout","DAX","ARSV","2025-11","mu_y",0.091151134575
"holdout","DAX","ARSV","2025-11","phi_y",-0.0473054907
"holdout","DAX","ARSV","2025-11","mu_h",-0.11457400789145
"holdout","DAX","ARSV","2025-11","phi_h",0.94852745425
"holdout","DAX","ARSV","2025-11","sigma_eta",0.2763030045
"holdout","DAX","ARSV","2025-11","nu",10.5327862075
"holdout","DAX","ARSV","2025-12","mu_y",0.0919725151625
"holdout","DAX","ARSV","2025-12","phi_y",-0.0480421287125
"holdout","DAX","ARSV","2025-12","mu_h",-0.107992745295825
"holdout","DAX","ARSV","2025-12","phi_h",0.94784658225
"holdout","DAX","ARSV","2025-12","sigma_eta",0.278557112125
"holdout","DAX","ARSV","2025-12","nu",10.85553232875
"holdout","DAX","STAR_SV","2024-01","mu_y",0.0510776768125
"holdout","DAX","STAR_SV","2024-01","phi_y",-0.024808118717625
"holdout","DAX","STAR_SV","2024-01","mu_h",-1.73196388375
"holdout","DAX","STAR_SV","2024-01","phi_h",0.93444413725
"holdout","DAX","STAR_SV","2024-01","sigma_eta",0.18136105005
"holdout","DAX","STAR_SV","2024-01","nu",5.0842637525
"holdout","DAX","STAR_SV","2024-01","gamma_severe",-0.311374965125
"holdout","DAX","STAR_SV","2024-01","gamma_mild",-0.2578071219625
"holdout","DAX","STAR_SV","2024-02","mu_y",0.04964508075
"holdout","DAX","STAR_SV","2024-02","phi_y",-0.028000440049
"holdout","DAX","STAR_SV","2024-02","mu_h",-2.3755615575
"holdout","DAX","STAR_SV","2024-02","phi_h",0.9503250795
"holdout","DAX","STAR_SV","2024-02","sigma_eta",0.1041173113375
"holdout","DAX","STAR_SV","2024-02","nu",4.7903845825
"holdout","DAX","STAR_SV","2024-02","gamma_severe",-0.319396992
"holdout","DAX","STAR_SV","2024-02","gamma_mild",-0.25962407734
"holdout","DAX","STAR_SV","2024-03","mu_y",0.0521403653
"holdout","DAX","STAR_SV","2024-03","phi_y",-0.0254345885613
"holdout","DAX","STAR_SV","2024-03","mu_h",-2.058001455
"holdout","DAX","STAR_SV","2024-03","phi_h",0.945487875
"holdout","DAX","STAR_SV","2024-03","sigma_eta",0.133191437125
"holdout","DAX","STAR_SV","2024-03","nu",4.8535484875
"holdout","DAX","STAR_SV","2024-03","gamma_severe",-0.30194980825
"holdout","DAX","STAR_SV","2024-03","gamma_mild",-0.252243627425
"holdout","DAX","STAR_SV","2024-04","mu_y",0.055154813225
"holdout","DAX","STAR_SV","2024-04","phi_y",-0.02756799585
"holdout","DAX","STAR_SV","2024-04","mu_h",-2.47859623125
"holdout","DAX","STAR_SV","2024-04","phi_h",0.948875220375
"holdout","DAX","STAR_SV","2024-04","sigma_eta",0.104216399495
"holdout","DAX","STAR_SV","2024-04","nu",4.795319075
"holdout","DAX","STAR_SV","2024-04","gamma_severe",-0.337281056625
"holdout","DAX","STAR_SV","2024-04","gamma_mild",-0.28125831135
"holdout","DAX","STAR_SV","2024-05","mu_y",0.060287086025
"holdout","DAX","STAR_SV","2024-05","phi_y",-0.0354414817975
"holdout","DAX","STAR_SV","2024-05","mu_h",-1.7620013025
"holdout","DAX","STAR_SV","2024-05","phi_h",0.9386613935
"holdout","DAX","STAR_SV","2024-05","sigma_eta",0.17699879625
"holdout","DAX","STAR_SV","2024-05","nu",4.892395835
"holdout","DAX","STAR_SV","2024-05","gamma_severe",-0.28737695725
"holdout","DAX","STAR_SV","2024-05","gamma_mild",-0.2297270161775
"holdout","DAX","STAR_SV","2024-06","mu_y",0.0564825905375
"holdout","DAX","STAR_SV","2024-06","phi_y",-0.0357658133135
"holdout","DAX","STAR_SV","2024-06","mu_h",-2.637054745
"holdout","DAX","STAR_SV","2024-06","phi_h",0.953728069125
"holdout","DAX","STAR_SV","2024-06","sigma_eta",0.08592194212625
"holdout","DAX","STAR_SV","2024-06","nu",4.75678148875
"holdout","DAX","STAR_SV","2024-06","gamma_severe",-0.32363792275
"holdout","DAX","STAR_SV","2024-06","gamma_mild",-0.23459622253375
"holdout","DAX","STAR_SV","2024-07","mu_y",0.04945979495
"holdout","DAX","STAR_SV","2024-07","phi_y",-0.0381407079525
"holdout","DAX","STAR_SV","2024-07","mu_h",-2.67217289625
"holdout","DAX","STAR_SV","2024-07","phi_h",0.95550602725
"holdout","DAX","STAR_SV","2024-07","sigma_eta",0.0779722672429125
"holdout","DAX","STAR_SV","2024-07","nu",4.931262125
"holdout","DAX","STAR_SV","2024-07","gamma_severe",-0.31385878325
"holdout","DAX","STAR_SV","2024-07","gamma_mild",-0.22493736022625
"holdout","DAX","STAR_SV","2024-08","mu_y",0.0549494840875
"holdout","DAX","STAR_SV","2024-08","phi_y",-0.03882600749875
"holdout","DAX","STAR_SV","2024-08","mu_h",-2.589848445
"holdout","DAX","STAR_SV","2024-08","phi_h",0.95321961925
"holdout","DAX","STAR_SV","2024-08","sigma_eta",0.085118207728925
"holdout","DAX","STAR_SV","2024-08","nu",4.74389773625
"holdout","DAX","STAR_SV","2024-08","gamma_severe",-0.321220797125
"holdout","DAX","STAR_SV","2024-08","gamma_mild",-0.23340282582
"holdout","DAX","STAR_SV","2024-09","mu_y",0.056090056125
"holdout","DAX","STAR_SV","2024-09","phi_y",-0.029066627576525
"holdout","DAX","STAR_SV","2024-09","mu_h",-2.6091151075
"holdout","DAX","STAR_SV","2024-09","phi_h",0.95321171275
"holdout","DAX","STAR_SV","2024-09","sigma_eta",0.0842183794165
"holdout","DAX","STAR_SV","2024-09","nu",4.873684875
"holdout","DAX","STAR_SV","2024-09","gamma_severe",-0.319840187
"holdout","DAX","STAR_SV","2024-09","gamma_mild",-0.24269352553
"holdout","DAX","STAR_SV","2024-10","mu_y",0.0574239071125
"holdout","DAX","STAR_SV","2024-10","phi_y",-0.035133968435
"holdout","DAX","STAR_SV","2024-10","mu_h",-2.6168815825
"holdout","DAX","STAR_SV","2024-10","phi_h",0.95590397975
"holdout","DAX","STAR_SV","2024-10","sigma_eta",0.089886538425
"holdout","DAX","STAR_SV","2024-10","nu",5.00857877125
"holdout","DAX","STAR_SV","2024-10","gamma_severe",-0.301573772875
"holdout","DAX","STAR_SV","2024-10","gamma_mild",-0.23760961511375
"holdout","DAX","STAR_SV","2024-11","mu_y",0.0570931662
"holdout","DAX","STAR_SV","2024-11","phi_y",-0.03400086151225
"holdout","DAX","STAR_SV","2024-11","mu_h",-2.9211279425
"holdout","DAX","STAR_SV","2024-11","phi_h",0.96059612825
"holdout","DAX","STAR_SV","2024-11","sigma_eta",0.063124369100775
"holdout","DAX","STAR_SV","2024-11","nu",4.952773255
"holdout","DAX","STAR_SV","2024-11","gamma_severe",-0.300727289
"holdout","DAX","STAR_SV","2024-11","gamma_mild",-0.21956106009
"holdout","DAX","STAR_SV","2024-12","mu_y",0.0553192103
"holdout","DAX","STAR_SV","2024-12","phi_y",-0.034512264725125
"holdout","DAX","STAR_SV","2024-12","mu_h",-2.47149394
"holdout","DAX","STAR_SV","2024-12","phi_h",0.95340219525
"holdout","DAX","STAR_SV","2024-12","sigma_eta",0.0950036821175
"holdout","DAX","STAR_SV","2024-12","nu",5.15408440625
"holdout","DAX","STAR_SV","2024-12","gamma_severe",-0.299355294875
"holdout","DAX","STAR_SV","2024-12","gamma_mild",-0.22455634114625
"holdout","DAX","STAR_SV","2025-01","mu_y",0.055292844225
"holdout","DAX","STAR_SV","2025-01","phi_y",-0.03017768565425
"holdout","DAX","STAR_SV","2025-01","mu_h",-2.4458370275
"holdout","DAX","STAR_SV","2025-01","phi_h",0.95420512425
"holdout","DAX","STAR_SV","2025-01","sigma_eta",0.094952632525
"holdout","DAX","STAR_SV","2025-01","nu",5.1098646575
"holdout","DAX","STAR_SV","2025-01","gamma_severe",-0.29167562825
"holdout","DAX","STAR_SV","2025-01","gamma_mild",-0.2193175367395
"holdout","DAX","STAR_SV","2025-02","mu_y",0.0579913416
"holdout","DAX","STAR_SV","2025-02","phi_y",-0.0264315546316375
"holdout","DAX","STAR_SV","2025-02","mu_h",-2.65312671
"holdout","DAX","STAR_SV","2025-02","phi_h",0.95594440275
"holdout","DAX","STAR_SV","2025-02","sigma_eta",0.073314184869
"holdout","DAX","STAR_SV","2025-02","nu",5.2531444575
"holdout","DAX","STAR_SV","2025-02","gamma_severe",-0.30214911275
"holdout","DAX","STAR_SV","2025-02","gamma_mild",-0.22292187213
"holdout","DAX","STAR_SV","2025-03","mu_y",0.05872773
"holdout","DAX","STAR_SV","2025-03","phi_y",-0.031767630855
"holdout","DAX","STAR_SV","2025-03","mu_h",-2.50937283
"holdout","DAX","STAR_SV","2025-03","phi_h",0.956887693
"holdout","DAX","STAR_SV","2025-03","sigma_eta",0.093073945475
"holdout","DAX","STAR_SV","2025-03","nu",5.1926258325
"holdout","DAX","STAR_SV","2025-03","gamma_severe",-0.2827385725
"holdout","DAX","STAR_SV","2025-03","gamma_mild",-0.2118772952
"holdout","DAX","STAR_SV","2025-04","mu_y",0.059620842775
"holdout","DAX","STAR_SV","2025-04","phi_y",-0.03345511274325
"holdout","DAX","STAR_SV","2025-04","mu_h",-2.41174192
"holdout","DAX","STAR_SV","2025-04","phi_h",0.95528826
"holdout","DAX","STAR_SV","2025-04","sigma_eta",0.12067572905
"holdout","DAX","STAR_SV","2025-04","nu",5.57105413
"holdout","DAX","STAR_SV","2025-04","gamma_severe",-0.2794598185
"holdout","DAX","STAR_SV","2025-04","gamma_mild",-0.19735380950925
"holdout","DAX","STAR_SV","2025-05","mu_y",0.06107086485
"holdout","DAX","STAR_SV","2025-05","phi_y",-0.03036400178125
"holdout","DAX","STAR_SV","2025-05","mu_h",-2.11373207
"holdout","DAX","STAR_SV","2025-05","phi_h",0.943891221
"holdout","DAX","STAR_SV","2025-05","sigma_eta",0.1442289364
"holdout","DAX","STAR_SV","2025-05","nu",5.8997098075
"holdout","DAX","STAR_SV","2025-05","gamma_severe",-0.30623162375
"holdout","DAX","STAR_SV","2025-05","gamma_mild",-0.242174730985
"holdout","DAX","STAR_SV","2025-06","mu_y",0.062544221825
"holdout","DAX","STAR_SV","2025-06","phi_y",-0.02604339659425
"holdout","DAX","STAR_SV","2025-06","mu_h",-2.1568124325
"holdout","DAX","STAR_SV","2025-06","phi_h",0.94517036075
"holdout","DAX","STAR_SV","2025-06","sigma_eta",0.133778174075
"holdout","DAX","STAR_SV","2025-06","nu",5.6251142175
"holdout","DAX","STAR_SV","2025-06","gamma_severe",-0.3097243035
"holdout","DAX","STAR_SV","2025-06","gamma_mild",-0.242640454
"holdout","DAX","STAR_SV","2025-07","mu_y",0.06311589215
"holdout","DAX","STAR_SV","2025-07","phi_y",-0.02906661176125
"holdout","DAX","STAR_SV","2025-07","mu_h",-2.26985985
"holdout","DAX","STAR_SV","2025-07","phi_h",0.94677068075
"holdout","DAX","STAR_SV","2025-07","sigma_eta",0.1237799409
"holdout","DAX","STAR_SV","2025-07","nu",5.74031049
"holdout","DAX","STAR_SV","2025-07","gamma_severe",-0.3147251645
"holdout","DAX","STAR_SV","2025-07","gamma_mild",-0.25699694225
"holdout","DAX","STAR_SV","2025-08","mu_y",0.0654305698
"holdout","DAX","STAR_SV","2025-08","phi_y",-0.0279549718716625
"holdout","DAX","STAR_SV","2025-08","mu_h",-2.65928163
"holdout","DAX","STAR_SV","2025-08","phi_h",0.955028765
"holdout","DAX","STAR_SV","2025-08","sigma_eta",0.08968052998625
"holdout","DAX","STAR_SV","2025-08","nu",5.649757555
"holdout","DAX","STAR_SV","2025-08","gamma_severe",-0.311560695
"holdout","DAX","STAR_SV","2025-08","gamma_mild",-0.24430751122375
"holdout","DAX","STAR_SV","2025-09","mu_y",0.058010537725
"holdout","DAX","STAR_SV","2025-09","phi_y",-0.03061732316825
"holdout","DAX","STAR_SV","2025-09","mu_h",-2.49227515
"holdout","DAX","STAR_SV","2025-09","phi_h",0.95137070725
"holdout","DAX","STAR_SV","2025-09","sigma_eta",0.105560362905
"holdout","DAX","STAR_SV","2025-09","nu",5.7292487325
"holdout","DAX","STAR_SV","2025-09","gamma_severe",-0.31650864025
"holdout","DAX","STAR_SV","2025-09","gamma_mild",-0.254081613525
"holdout","DAX","STAR_SV","2025-10","mu_y",0.056598919175
"holdout","DAX","STAR_SV","2025-10","phi_y",-0.0376090199725
"holdout","DAX","STAR_SV","2025-10","mu_h",-2.232220765
"holdout","DAX","STAR_SV","2025-10","phi_h",0.94742249875
"holdout","DAX","STAR_SV","2025-10","sigma_eta",0.1202308793
"holdout","DAX","STAR_SV","2025-10","nu",6.050836145
"holdout","DAX","STAR_SV","2025-10","gamma_severe",-0.3042416975
"holdout","DAX","STAR_SV","2025-10","gamma_mild",-0.2673461301
"holdout","DAX","STAR_SV","2025-11","mu_y",0.0582275321
"holdout","DAX","STAR_SV","2025-11","phi_y",-0.037298619585
"holdout","DAX","STAR_SV","2025-11","mu_h",-1.9319829725
"holdout","DAX","STAR_SV","2025-11","phi_h",0.94148608975
"holdout","DAX","STAR_SV","2025-11","sigma_eta",0.13864407775
"holdout","DAX","STAR_SV","2025-11","nu",5.9694950925
"holdout","DAX","STAR_SV","2025-11","gamma_severe",-0.295714181
"holdout","DAX","STAR_SV","2025-11","gamma_mild",-0.263960207725
"holdout","DAX","STAR_SV","2025-12","mu_y",0.0594657714
"holdout","DAX","STAR_SV","2025-12","phi_y",-0.03600593807
"holdout","DAX","STAR_SV","2025-12","mu_h",-1.903399505
"holdout","DAX","STAR_SV","2025-12","phi_h",0.93866096625
"holdout","DAX","STAR_SV","2025-12","sigma_eta",0.14973467495
"holdout","DAX","STAR_SV","2025-12","nu",6.2743444125
"holdout","DAX","STAR_SV","2025-12","gamma_severe",-0.3026344735
"holdout","DAX","STAR_SV","2025-12","gamma_mild",-0.268284580125
"holdout","NIKKEI","ARSV","2024-01","mu_y",0.0720562375
"holdout","NIKKEI","ARSV","2024-01","phi_y",-0.0193776771540213
"holdout","NIKKEI","ARSV","2024-01","mu_h",0.115594259913513
"holdout","NIKKEI","ARSV","2024-01","phi_h",0.953504515125
"holdout","NIKKEI","ARSV","2024-01","sigma_eta",0.228369749625
"holdout","NIKKEI","ARSV","2024-01","nu",10.1674688625
"holdout","NIKKEI","ARSV","2024-02","mu_y",0.072293850725
"holdout","NIKKEI","ARSV","2024-02","phi_y",-0.0138136317588612
"holdout","NIKKEI","ARSV","2024-02","mu_h",0.118414213172687
"holdout","NIKKEI","ARSV","2024-02","phi_h",0.954663550625
"holdout","NIKKEI","ARSV","2024-02","sigma_eta",0.224737344125
"holdout","NIKKEI","ARSV","2024-02","nu",10.19247735875
"holdout","NIKKEI","ARSV","2024-03","mu_y",0.0762100266875
"holdout","NIKKEI","ARSV","2024-03","phi_y",-0.0138413807662725
"holdout","NIKKEI","ARSV","2024-03","mu_h",0.115848438566187
"holdout","NIKKEI","ARSV","2024-03","phi_h",0.953233432375
"holdout","NIKKEI","ARSV","2024-03","sigma_eta",0.228444579625
"holdout","NIKKEI","ARSV","2024-03","nu",9.5582966525
"holdout","NIKKEI","ARSV","2024-05","mu_y",0.0766648864
"holdout","NIKKEI","ARSV","2024-05","phi_y",-0.014379212960715
"holdout","NIKKEI","ARSV","2024-05","mu_h",0.119951452851587
"holdout","NIKKEI","ARSV","2024-05","phi_h",0.959196069625
"holdout","NIKKEI","ARSV","2024-05","sigma_eta",0.195686842125
"holdout","NIKKEI","ARSV","2024-05","nu",8.78170845625
"holdout","NIKKEI","ARSV","2024-06","mu_y",0.0764609849625
"holdout","NIKKEI","ARSV","2024-06","phi_y",-0.02012348712672
"holdout","NIKKEI","ARSV","2024-06","mu_h",0.101489552315625
"holdout","NIKKEI","ARSV","2024-06","phi_h",0.955290322625
"holdout","NIKKEI","ARSV","2024-06","sigma_eta",0.20595308475
"holdout","NIKKEI","ARSV","2024-06","nu",9.29773995875
"holdout","NIKKEI","ARSV","2024-07","mu_y",0.077476761775
"holdout","NIKKEI","ARSV","2024-07","phi_y",-0.0238362530066625
"holdout","NIKKEI","ARSV","2024-07","mu_h",0.0839501485940875
"holdout","NIKKEI","ARSV","2024-07","phi_h",0.95653023125
"holdout","NIKKEI","ARSV","2024-07","sigma_eta",0.198631647
"holdout","NIKKEI","ARSV","2024-07","nu",9.0831411125
"holdout","NIKKEI","ARSV","2024-08","mu_y",0.078058152725
"holdout","NIKKEI","ARSV","2024-08","phi_y",-0.02317779002035
"holdout","NIKKEI","ARSV","2024-08","mu_h",0.0981580411675
"holdout","NIKKEI","ARSV","2024-08","phi_h",0.95872252475
"holdout","NIKKEI","ARSV","2024-08","sigma_eta",0.19369641
"holdout","NIKKEI","ARSV","2024-08","nu",9.1966876625
"holdout","NIKKEI","ARSV","2024-09","mu_y",0.083119744225
"holdout","NIKKEI","ARSV","2024-09","phi_y",-0.0264843492240875
"holdout","NIKKEI","ARSV","2024-09","mu_h",0.0265666633886038
"holdout","NIKKEI","ARSV","2024-09","phi_h",0.917686640625
"holdout","NIKKEI","ARSV","2024-09","sigma_eta",0.311439244
"holdout","NIKKEI","ARSV","2024-09","nu",15.14615657375
"holdout","NIKKEI","ARSV","2024-11","mu_y",0.081023008975
"holdout","NIKKEI","ARSV","2024-11","phi_y",-0.0269468107896875
"holdout","NIKKEI","ARSV","2024-11","mu_h",0.052159931648205
"holdout","NIKKEI","ARSV","2024-11","phi_h",0.92759714625
"holdout","NIKKEI","ARSV","2024-11","sigma_eta",0.289275446625
"holdout","NIKKEI","ARSV","2024-11","nu",12.4090561275
"holdout","NIKKEI","ARSV","2024-12","mu_y",0.0796263282125
"holdout","NIKKEI","ARSV","2024-12","phi_y",-0.0249742920643
"holdout","NIKKEI","ARSV","2024-12","mu_h",0.0546242847706125
"holdout","NIKKEI","ARSV","2024-12","phi_h",0.92907613725
"holdout","NIKKEI","ARSV","2024-12","sigma_eta",0.285566383875
"holdout","NIKKEI","ARSV","2024-12","nu",12.2454707125
"holdout","NIKKEI","ARSV","2025-01","mu_y",0.077331468275
"holdout","NIKKEI","ARSV","2025-01","phi_y",-0.021222090589275
"holdout","NIKKEI","ARSV","2025-01","mu_h",0.0726182262270625
"holdout","NIKKEI","ARSV","2025-01","phi_h",0.9387320015
"holdout","NIKKEI","ARSV","2025-01","sigma_eta",0.260039566625
"holdout","NIKKEI","ARSV","2025-01","nu",10.96727372125
"holdout","NIKKEI","ARSV","2025-02","mu_y",0.0743225553125
"holdout","NIKKEI","ARSV","2025-02","phi_y",-0.0160433798667087
"holdout","NIKKEI","ARSV","2025-02","mu_h",0.060625549209325
"holdout","NIKKEI","ARSV","2025-02","phi_h",0.950399833125
"holdout","NIKKEI","ARSV","2025-02","sigma_eta",0.227255704875
"holdout","NIKKEI","ARSV","2025-02","nu",11.52600867375
"holdout","NIKKEI","ARSV","2025-03","mu_y",0.0679472784625
"holdout","NIKKEI","ARSV","2025-03","phi_y",-0.0211431087152875
"holdout","NIKKEI","ARSV","2025-03","mu_h",0.0856849951414
"holdout","NIKKEI","ARSV","2025-03","phi_h",0.953104916625
"holdout","NIKKEI","ARSV","2025-03","sigma_eta",0.21671378475
"holdout","NIKKEI","ARSV","2025-03","nu",10.368547215
"holdout","NIKKEI","ARSV","2025-04","mu_y",0.070817646975
"holdout","NIKKEI","ARSV","2025-04","phi_y",-0.0229859488331
"holdout","NIKKEI","ARSV","2025-04","mu_h",0.0980961743417
"holdout","NIKKEI","ARSV","2025-04","phi_h",0.95021607075
"holdout","NIKKEI","ARSV","2025-04","sigma_eta",0.2251877625
"holdout","NIKKEI","ARSV","2025-04","nu",10.3348992075
"holdout","NIKKEI","ARSV","2025-05","mu_y",0.0730046130125
"holdout","NIKKEI","ARSV","2025-05","phi_y",-0.02859653307715
"holdout","NIKKEI","ARSV","2025-05","mu_h",0.0753320020449987
"holdout","NIKKEI","ARSV","2025-05","phi_h",0.929958776125
"holdout","NIKKEI","ARSV","2025-05","sigma_eta",0.292291052125
"holdout","NIKKEI","ARSV","2025-05","nu",13.37820087625
"holdout","NIKKEI","ARSV","2025-06","mu_y",0.077214262275
"holdout","NIKKEI","ARSV","2025-06","phi_y",-0.029891896879025
"holdout","NIKKEI","ARSV","2025-06","mu_h",0.0724642396357475
"holdout","NIKKEI","ARSV","2025-06","phi_h",0.92559774825
"holdout","NIKKEI","ARSV","2025-06","sigma_eta",0.3018674345
"holdout","NIKKEI","ARSV","2025-06","nu",15.079291015
"holdout","NIKKEI","ARSV","2025-07","mu_y",0.082905378575
"holdout","NIKKEI","ARSV","2025-07","phi_y",-0.0261037483495
"holdout","NIKKEI","ARSV","2025-07","mu_h",0.0738071255465
"holdout","NIKKEI","ARSV","2025-07","phi_h",0.924475915
"holdout","NIKKEI","ARSV","2025-07","sigma_eta",0.30400460375
"holdout","NIKKEI","ARSV","2025-07","nu",15.843825005
"holdout","NIKKEI","ARSV","2025-09","mu_y",0.079906365
"holdout","NIKKEI","ARSV","2025-09","phi_y",-0.0251630208555275
"holdout","NIKKEI","ARSV","2025-09","mu_h",0.0651026403824
"holdout","NIKKEI","ARSV","2025-09","phi_h",0.910321408
"holdout","NIKKEI","ARSV","2025-09","sigma_eta",0.33619565025
"holdout","NIKKEI","ARSV","2025-09","nu",19.38564373
"holdout","NIKKEI","ARSV","2025-10","mu_y",0.0851539963
"holdout","NIKKEI","ARSV","2025-10","phi_y",-0.0227433097375462
"holdout","NIKKEI","ARSV","2025-10","mu_h",0.070630032306
"holdout","NIKKEI","ARSV","2025-10","phi_h",0.90068833225
"holdout","NIKKEI","ARSV","2025-10","sigma_eta",0.34951875625
"holdout","NIKKEI","ARSV","2025-10","nu",22.68593237
"holdout","NIKKEI","ARSV","2025-11","mu_y",0.0936417123
"holdout","NIKKEI","ARSV","2025-11","phi_y",-0.024902742716875
"holdout","NIKKEI","ARSV","2025-11","mu_h",0.1024373588185
"holdout","NIKKEI","ARSV","2025-11","phi_h",0.89769679975
"holdout","NIKKEI","ARSV","2025-11","sigma_eta",0.3540837735
"holdout","NIKKEI","ARSV","2025-11","nu",22.60874705
"holdout","NIKKEI","ARSV","2025-12","mu_y",0.0910674484
"holdout","NIKKEI","ARSV","2025-12","phi_y",-0.0290616998595
"holdout","NIKKEI","ARSV","2025-12","mu_h",0.1103707625911
"holdout","NIKKEI","ARSV","2025-12","phi_h",0.89979468125
"holdout","NIKKEI","ARSV","2025-12","sigma_eta",0.353141066
"holdout","NIKKEI","ARSV","2025-12","nu",23.262522075
"holdout","NIKKEI","STAR_SV","2024-01","mu_y",0.0394050038625
"holdout","NIKKEI","STAR_SV","2024-01","phi_y",-0.007192204827635
"holdout","NIKKEI","STAR_SV","2024-01","mu_h",-1.4441850425
"holdout","NIKKEI","STAR_SV","2024-01","phi_h",0.92483435875
"holdout","NIKKEI","STAR_SV","2024-01","sigma_eta",0.166195068225
"holdout","NIKKEI","STAR_SV","2024-01","nu",7.5388879975
"holdout","NIKKEI","STAR_SV","2024-01","gamma_severe",-0.31604711075
"holdout","NIKKEI","STAR_SV","2024-01","gamma_mild",-0.28788439025
"holdout","NIKKEI","STAR_SV","2024-02","mu_y",0.0400275981275
"holdout","NIKKEI","STAR_SV","2024-02","phi_y",-0.0008130977378125
"holdout","NIKKEI","STAR_SV","2024-02","mu_h",-1.520203905
"holdout","NIKKEI","STAR_SV","2024-02","phi_h",0.92955070325
"holdout","NIKKEI","STAR_SV","2024-02","sigma_eta",0.162764766
"holdout","NIKKEI","STAR_SV","2024-02","nu",7.7488561
"holdout","NIKKEI","STAR_SV","2024-02","gamma_severe",-0.30929173475
"holdout","NIKKEI","STAR_SV","2024-02","gamma_mild",-0.28017632785
"holdout","NIKKEI","STAR_SV","2024-03","mu_y",0.045640267775
"holdout","NIKKEI","STAR_SV","2024-03","phi_y",-0.0002289287503175
"holdout","NIKKEI","STAR_SV","2024-03","mu_h",-1.5396735625
"holdout","NIKKEI","STAR_SV","2024-03","phi_h",0.929467323
"holdout","NIKKEI","STAR_SV","2024-03","sigma_eta",0.160593775125
"holdout","NIKKEI","STAR_SV","2024-03","nu",6.996979075
"holdout","NIKKEI","STAR_SV","2024-03","gamma_severe",-0.31498776225
"holdout","NIKKEI","STAR_SV","2024-03","gamma_mild",-0.28789430475
"holdout","NIKKEI","STAR_SV","2024-05","mu_y",0.0484204316875
"holdout","NIKKEI","STAR_SV","2024-05","phi_y",-0.0020967921330425
"holdout","NIKKEI","STAR_SV","2024-05","mu_h",-1.239140954625
"holdout","NIKKEI","STAR_SV","2024-05","phi_h",0.9199821085
"holdout","NIKKEI","STAR_SV","2024-05","sigma_eta",0.175740754875
"holdout","NIKKEI","STAR_SV","2024-05","nu",7.4513405875
"holdout","NIKKEI","STAR_SV","2024-05","gamma_severe",-0.29200299175
"holdout","NIKKEI","STAR_SV","2024-05","gamma_mild",-0.2607146753475
"holdout","NIKKEI","STAR_SV","2024-06","mu_y",0.04974146685
"holdout","NIKKEI","STAR_SV","2024-06","phi_y",-0.00828606169917825
"holdout","NIKKEI","STAR_SV","2024-06","mu_h",-1.24441190875
"holdout","NIKKEI","STAR_SV","2024-06","phi_h",0.91948688925
"holdout","NIKKEI","STAR_SV","2024-06","sigma_eta",0.175798747
"holdout","NIKKEI","STAR_SV","2024-06","nu",7.552759085
"holdout","NIKKEI","STAR_SV","2024-06","gamma_severe",-0.29103253075
"holdout","NIKKEI","STAR_SV","2024-06","gamma_mild",-0.261488470775
"holdout","NIKKEI","STAR_SV","2024-07","mu_y",0.0498958246
"holdout","NIKKEI","STAR_SV","2024-07","phi_y",-0.0136222039939275
"holdout","NIKKEI","STAR_SV","2024-07","mu_h",-1.225923795
"holdout","NIKKEI","STAR_SV","2024-07","phi_h",0.91771005525
"holdout","NIKKEI","STAR_SV","2024-07","sigma_eta",0.165660191
"holdout","NIKKEI","STAR_SV","2024-07","nu",7.4243108
"holdout","NIKKEI","STAR_SV","2024-07","gamma_severe",-0.28997303525
"holdout","NIKKEI","STAR_SV","2024-07","gamma_mild",-0.255518219725
"holdout","NIKKEI","STAR_SV","2024-08","mu_y",0.0524131127
"holdout","NIKKEI","STAR_SV","2024-08","phi_y",-0.013237186177495
"holdout","NIKKEI","STAR_SV","2024-08","mu_h",-1.09848635925
"holdout","NIKKEI","STAR_SV","2024-08","phi_h",0.914299415
"holdout","NIKKEI","STAR_SV","2024-08","sigma_eta",0.18367326415
"holdout","NIKKEI","STAR_SV","2024-08","nu",7.842979015
"holdout","NIKKEI","STAR_SV","2024-08","gamma_severe",-0.273907582
"holdout","NIKKEI","STAR_SV","2024-08","gamma_mild",-0.2407190816475
"holdout","NIKKEI","STAR_SV","2024-09","mu_y",0.053576837425
"holdout","NIKKEI","STAR_SV","2024-09","phi_y",-0.0146656714836
"holdout","NIKKEI","STAR_SV","2024-09","mu_h",-1.19203468175
"holdout","NIKKEI","STAR_SV","2024-09","phi_h",0.9050952865
"holdout","NIKKEI","STAR_SV","2024-09","sigma_eta",0.1959476615
"holdout","NIKKEI","STAR_SV","2024-09","nu",8.045389425
"holdout","NIKKEI","STAR_SV","2024-09","gamma_severe",-0.32342632675
"holdout","NIKKEI","STAR_SV","2024-09","gamma_mild",-0.2916613795
"holdout","NIKKEI","STAR_SV","2024-11","mu_y",0.053483895375
"holdout","NIKKEI","STAR_SV","2024-11","phi_y",-0.01681753054645
"holdout","NIKKEI","STAR_SV","2024-11","mu_h",-1.2456672795
"holdout","NIKKEI","STAR_SV","2024-11","phi_h",0.9198001965
"holdout","NIKKEI","STAR_SV","2024-11","sigma_eta",0.18037319925
"holdout","NIKKEI","STAR_SV","2024-11","nu",7.073561855
"holdout","NIKKEI","STAR_SV","2024-11","gamma_severe",-0.2915509555
"holdout","NIKKEI","STAR_SV","2024-11","gamma_mild",-0.26120973375
"holdout","NIKKEI","STAR_SV","2024-12","mu_y",0.053261841175
"holdout","NIKKEI","STAR_SV","2024-12","phi_y",-0.0170593734955
"holdout","NIKKEI","STAR_SV","2024-12","mu_h",-1.1889541145
"holdout","NIKKEI","STAR_SV","2024-12","phi_h",0.91820556625
"holdout","NIKKEI","STAR_SV","2024-12","sigma_eta",0.18635447425
"holdout","NIKKEI","STAR_SV","2024-12","nu",7.278947945
"holdout","NIKKEI","STAR_SV","2024-12","gamma_severe",-0.28445938875
"holdout","NIKKEI","STAR_SV","2024-12","gamma_mild",-0.25329316081
"holdout","NIKKEI","STAR_SV","2025-01","mu_y",0.050663351525
"holdout","NIKKEI","STAR_SV","2025-01","phi_y",-0.01163429401901
"holdout","NIKKEI","STAR_SV","2025-01","mu_h",-1.28745133925
"holdout","NIKKEI","STAR_SV","2025-01","phi_h",0.92232120875
"holdout","NIKKEI","STAR_SV","2025-01","sigma_eta",0.176885077
"holdout","NIKKEI","STAR_SV","2025-01","nu",7.0723000625
"holdout","NIKKEI","STAR_SV","2025-01","gamma_severe",-0.29145833675
"holdout","NIKKEI","STAR_SV","2025-01","gamma_mild",-0.2598265353
"holdout","NIKKEI","STAR_SV","2025-02","mu_y",0.049337859425
"holdout","NIKKEI","STAR_SV","2025-02","phi_y",-0.006208304558635
"holdout","NIKKEI","STAR_SV","2025-02","mu_h",-1.4417343125
"holdout","NIKKEI","STAR_SV","2025-02","phi_h",0.935557427
"holdout","NIKKEI","STAR_SV","2025-02","sigma_eta",0.156694221425
"holdout","NIKKEI","STAR_SV","2025-02","nu",7.74696346
"holdout","NIKKEI","STAR_SV","2025-02","gamma_severe",-0.26412100025
"holdout","NIKKEI","STAR_SV","2025-02","gamma_mild",-0.231129044925
"holdout","NIKKEI","STAR_SV","2025-03","mu_y",0.0419348908425
"holdout","NIKKEI","STAR_SV","2025-03","phi_y",-0.011712525143866
"holdout","NIKKEI","STAR_SV","2025-03","mu_h",-1.42967238725
"holdout","NIKKEI","STAR_SV","2025-03","phi_h",0.93743254625
"holdout","NIKKEI","STAR_SV","2025-03","sigma_eta",0.153233794
"holdout","NIKKEI","STAR_SV","2025-03","nu",7.411916225
"holdout","NIKKEI","STAR_SV","2025-03","gamma_severe",-0.2584040175
"holdout","NIKKEI","STAR_SV","2025-03","gamma_mild",-0.2315501104
"holdout","NIKKEI","STAR_SV","2025-04","mu_y",0.0449789892
"holdout","NIKKEI","STAR_SV","2025-04","phi_y",-0.0134103694344
"holdout","NIKKEI","STAR_SV","2025-04","mu_h",-1.14857576625
"holdout","NIKKEI","STAR_SV","2025-04","phi_h",0.9256432875
"holdout","NIKKEI","STAR_SV","2025-04","sigma_eta",0.1785041285
"holdout","NIKKEI","STAR_SV","2025-04","nu",7.5977048725
"holdout","NIKKEI","STAR_SV","2025-04","gamma_severe",-0.25337208625
"holdout","NIKKEI","STAR_SV","2025-04","gamma_mild",-0.222969008525
"holdout","NIKKEI","STAR_SV","2025-05","mu_y",0.04473320415
"holdout","NIKKEI","STAR_SV","2025-05","phi_y",-0.01519815673775
"holdout","NIKKEI","STAR_SV","2025-05","mu_h",-1.4083947425
"holdout","NIKKEI","STAR_SV","2025-05","phi_h",0.9303884035
"holdout","NIKKEI","STAR_SV","2025-05","sigma_eta",0.16497371725
"holdout","NIKKEI","STAR_SV","2025-05","nu",7.23243681
"holdout","NIKKEI","STAR_SV","2025-05","gamma_severe",-0.28662964275
"holdout","NIKKEI","STAR_SV","2025-05","gamma_mild",-0.25212638637
"holdout","NIKKEI","STAR_SV","2025-06","mu_y",0.0491613595
"holdout","NIKKEI","STAR_SV","2025-06","phi_y",-0.020399707934675
"holdout","NIKKEI","STAR_SV","2025-06","mu_h",-1.22376346525
"holdout","NIKKEI","STAR_SV","2025-06","phi_h",0.92444003425
"holdout","NIKKEI","STAR_SV","2025-06","sigma_eta",0.178658416
"holdout","NIKKEI","STAR_SV","2025-06","nu",7.6353816325
"holdout","NIKKEI","STAR_SV","2025-06","gamma_severe",-0.274523618
"holdout","NIKKEI","STAR_SV","2025-06","gamma_mild",-0.241179863775
"holdout","NIKKEI","STAR_SV","2025-07","mu_y",0.055473785375
"holdout","NIKKEI","STAR_SV","2025-07","phi_y",-0.014751447356255
"holdout","NIKKEI","STAR_SV","2025-07","mu_h",-1.11310893425
"holdout","NIKKEI","STAR_SV","2025-07","phi_h",0.91863191
"holdout","NIKKEI","STAR_SV","2025-07","sigma_eta",0.19081903275
"holdout","NIKKEI","STAR_SV","2025-07","nu",7.9543712975
"holdout","NIKKEI","STAR_SV","2025-07","gamma_severe",-0.271463075
"holdout","NIKKEI","STAR_SV","2025-07","gamma_mild",-0.238211130375
"holdout","NIKKEI","STAR_SV","2025-09","mu_y",0.053294323475
"holdout","NIKKEI","STAR_SV","2025-09","phi_y",-0.01047056435456
"holdout","NIKKEI","STAR_SV","2025-09","mu_h",-1.39004131225
"holdout","NIKKEI","STAR_SV","2025-09","phi_h",0.93163242075
"holdout","NIKKEI","STAR_SV","2025-09","sigma_eta",0.161165208675
"holdout","NIKKEI","STAR_SV","2025-09","nu",7.541894865
"holdout","NIKKEI","STAR_SV","2025-09","gamma_severe",-0.27908179225
"holdout","NIKKEI","STAR_SV","2025-09","gamma_mild",-0.242555174737225
"holdout","NIKKEI","STAR_SV","2025-10","mu_y",0.055892711225
"holdout","NIKKEI","STAR_SV","2025-10","phi_y",-0.00749313317124
"holdout","NIKKEI","STAR_SV","2025-10","mu_h",-1.28178571725
"holdout","NIKKEI","STAR_SV","2025-10","phi_h",0.925456927
"holdout","NIKKEI","STAR_SV","2025-10","sigma_eta",0.15915362305
"holdout","NIKKEI","STAR_SV","2025-10","nu",7.736298635
"holdout","NIKKEI","STAR_SV","2025-10","gamma_severe",-0.28531322975
"holdout","NIKKEI","STAR_SV","2025-10","gamma_mild",-0.247009874575
"holdout","NIKKEI","STAR_SV","2025-11","mu_y",0.064940621775
"holdout","NIKKEI","STAR_SV","2025-11","phi_y",-0.0116901947534825
"holdout","NIKKEI","STAR_SV","2025-11","mu_h",-1.165383813
"holdout","NIKKEI","STAR_SV","2025-11","phi_h",0.91858196075
"holdout","NIKKEI","STAR_SV","2025-11","sigma_eta",0.1748122885
"holdout","NIKKEI","STAR_SV","2025-11","nu",7.884318775
"holdout","NIKKEI","STAR_SV","2025-11","gamma_severe",-0.29190257225
"holdout","NIKKEI","STAR_SV","2025-11","gamma_mild",-0.25773570455
"holdout","NIKKEI","STAR_SV","2025-12","mu_y",0.0639312518
"holdout","NIKKEI","STAR_SV","2025-12","phi_y",-0.01592542445975
"holdout","NIKKEI","STAR_SV","2025-12","mu_h",-1.2301218035
"holdout","NIKKEI","STAR_SV","2025-12","phi_h",0.92339322125
"holdout","NIKKEI","STAR_SV","2025-12","sigma_eta",0.17343231925
"holdout","NIKKEI","STAR_SV","2025-12","nu",7.9144122175
"holdout","NIKKEI","STAR_SV","2025-12","gamma_severe",-0.2885432305
"holdout","NIKKEI","STAR_SV","2025-12","gamma_mild",-0.25342733825
